"OLD_PATH"	"NEW_PATH"	"OLD_SHA256"	"NEW_SHA256"	"RESULT"
"13 Production/Marketing/Avito/ONYX_AVITO_LAUNCH_PACK_v1/01_asset_candidates/v2/P02_REF03.png"	"01_Characters/P02/01_Identity/P02_REF03.png"	"23FB0883218085354FE2DE85D92D2641916501AC41E754735892BABB10A004C2"	"23FB0883218085354FE2DE85D92D2641916501AC41E754735892BABB10A004C2"	"IDENTICAL_MOVE"
"13 Production/Marketing/Avito/ONYX_AVITO_LAUNCH_PACK_v1/01_asset_candidates/ONYX_P02_BUSINESS_01_HERO.jpg"	"01_Characters/P02/02_Sessions/Business_v1/02_Final/ONYX_P02_BUSINESS_01_HERO.jpg"	"FFCD2A6E021D4EDC4E1FD31159AE314ECDE6097EA8610267EA86B7FE24C05162"	"FFCD2A6E021D4EDC4E1FD31159AE314ECDE6097EA8610267EA86B7FE24C05162"	"IDENTICAL_MOVE"
"13 Production/Marketing/Avito/ONYX_AVITO_LAUNCH_PACK_v1/01_asset_candidates/ONYX_P02_BUSINESS_02_CLOSE.jpg"	"01_Characters/P02/02_Sessions/Business_v1/02_Final/ONYX_P02_BUSINESS_02_CLOSE.jpg"	"A8C54EE3F73541D513F19E89C84BEB05E319F33E0C40EDBC636E11C335387582"	"A8C54EE3F73541D513F19E89C84BEB05E319F33E0C40EDBC636E11C335387582"	"IDENTICAL_MOVE"
"13 Production/Marketing/Avito/ONYX_AVITO_LAUNCH_PACK_v1/01_asset_candidates/ONYX_P02_BUSINESS_03_WAIST.jpg"	"01_Characters/P02/02_Sessions/Business_v1/02_Final/ONYX_P02_BUSINESS_03_WAIST.jpg"	"0E984D2851D5E3D99F4FF97906DBCFE748D27482EEC4AA1280BF251738E23479"	"0E984D2851D5E3D99F4FF97906DBCFE748D27482EEC4AA1280BF251738E23479"	"IDENTICAL_MOVE"
"13 Production/Marketing/Avito/ONYX_AVITO_LAUNCH_PACK_v1/01_asset_candidates/ONYX_P02_BUSINESS_04_SEATED.jpg"	"01_Characters/P02/02_Sessions/Business_v1/02_Final/ONYX_P02_BUSINESS_04_SEATED.jpg"	"C51335F9DD689E77D0169BE643B7D721FD443C23487B51C8D8BBB06FF1C0DDC3"	"C51335F9DD689E77D0169BE643B7D721FD443C23487B51C8D8BBB06FF1C0DDC3"	"IDENTICAL_MOVE"
"13 Production/Marketing/Avito/ONYX_AVITO_LAUNCH_PACK_v1/01_asset_candidates/ONYX_P02_BUSINESS_05_ENVIRONMENT.jpg"	"01_Characters/P02/02_Sessions/Business_v1/02_Final/ONYX_P02_BUSINESS_05_ENVIRONMENT.jpg"	"E5FC685DD0D6859F7AFEAA31F85DAB2659535DD7AC58F7AEA6C368ECB68157C0"	"E5FC685DD0D6859F7AFEAA31F85DAB2659535DD7AC58F7AEA6C368ECB68157C0"	"IDENTICAL_MOVE"
"13 Production/Marketing/Avito/ONYX_AVITO_LAUNCH_PACK_v1/01_asset_candidates/ONYX_P02_BUSINESS_06_ACTION.jpg"	"01_Characters/P02/02_Sessions/Business_v1/02_Final/ONYX_P02_BUSINESS_06_ACTION.jpg"	"F6C071D10147C4187192B2CF6274F5366F53B15FC07CBF6B3953B8D748F3A1C8"	"F6C071D10147C4187192B2CF6274F5366F53B15FC07CBF6B3953B8D748F3A1C8"	"IDENTICAL_MOVE"
"13 Production/Marketing/Avito/ONYX_AVITO_LAUNCH_PACK_v1/01_asset_candidates/ONYX_P02_BUSINESS_07_3Q_BODY.jpg"	"01_Characters/P02/02_Sessions/Business_v1/02_Final/ONYX_P02_BUSINESS_07_3Q_BODY.jpg"	"CED65A4BAB43CDEADD2406321EB2C1FD8A63971081F58288C39663D35C6ACE58"	"CED65A4BAB43CDEADD2406321EB2C1FD8A63971081F58288C39663D35C6ACE58"	"IDENTICAL_MOVE"
"13 Production/Marketing/Avito/ONYX_AVITO_LAUNCH_PACK_v1/01_asset_candidates/ONYX_P02_BUSINESS_08_FULL_BODY.jpg"	"01_Characters/P02/02_Sessions/Business_v1/02_Final/ONYX_P02_BUSINESS_08_FULL_BODY.jpg"	"6CC8EC0317A48B54FD5C48D9D7A515F29F1B8FCFC0EE5CD53BA005F87732A425"	"6CC8EC0317A48B54FD5C48D9D7A515F29F1B8FCFC0EE5CD53BA005F87732A425"	"IDENTICAL_MOVE"
"13 Production/Marketing/Avito/ONYX_AVITO_LAUNCH_PACK_v1/01_asset_candidates/ONYX_P02_BUSINESS_09_MOOD.jpg"	"01_Characters/P02/02_Sessions/Business_v1/02_Final/ONYX_P02_BUSINESS_09_MOOD.jpg"	"AA84F1F2F61E125CD6B91FBBB8095A529A1408EAD5B4DD830298BE8A91C746FD"	"AA84F1F2F61E125CD6B91FBBB8095A529A1408EAD5B4DD830298BE8A91C746FD"	"IDENTICAL_MOVE"
"13 Production/Marketing/Avito/ONYX_AVITO_LAUNCH_PACK_v1/01_asset_candidates/ONYX_P02_BUSINESS_10_EDITORIAL.jpg"	"01_Characters/P02/02_Sessions/Business_v1/02_Final/ONYX_P02_BUSINESS_10_EDITORIAL.jpg"	"D918C5E894D5A6F8A0B191E1D78DB72F03D3A30E4BE98DB4797E60C99261F6F5"	"D918C5E894D5A6F8A0B191E1D78DB72F03D3A30E4BE98DB4797E60C99261F6F5"	"IDENTICAL_MOVE"
"13 Production/Marketing/Avito/ONYX_AVITO_LAUNCH_PACK_v1/00_docs/ASSET_RIGHTS_MATRIX.md"	"02_Marketing/Avito/Current/ONYX_AVITO_LAUNCH_PACK_v1/00_docs/ASSET_RIGHTS_MATRIX.md"	"C1A458CD4B5769035B5E3EC1158D5AC0AB4D8853A81CE151F03C4B46C89BCD80"	"DD75DB153B9CFC9CCB503FE30F42B8F2864E719DA68810ACF5A7967D031C4B38"	"INTENTIONAL_TRANSFORM"
"13 Production/Marketing/Avito/ONYX_AVITO_LAUNCH_PACK_v1/00_docs/ASSET_SELECTION.md"	"02_Marketing/Avito/Current/ONYX_AVITO_LAUNCH_PACK_v1/00_docs/ASSET_SELECTION.md"	"567C09D3A11E0D2591E8AFCE1698CD775D769D1C77EEAF0117AFF7AB5E5E1DD2"	"567C09D3A11E0D2591E8AFCE1698CD775D769D1C77EEAF0117AFF7AB5E5E1DD2"	"IDENTICAL_MOVE"
"13 Production/Marketing/Avito/ONYX_AVITO_LAUNCH_PACK_v1/00_docs/AVITO_ASSET_APPROVAL.md"	"02_Marketing/Avito/Current/ONYX_AVITO_LAUNCH_PACK_v1/00_docs/AVITO_ASSET_APPROVAL.md"	"2486C0C9CDEB27E5A9F19E639B5D77815416037C4BB4F46438CE2ECA49DF96B1"	"1EF42EEFEBF4AE44284E5B78A1EA5001BD904F7A3F213B4F955499C5EAB3C2A8"	"INTENTIONAL_TRANSFORM"
"13 Production/Marketing/Avito/ONYX_AVITO_LAUNCH_PACK_v1/00_docs/AVITO_LISTING_COPY_v1.md"	"02_Marketing/Avito/Current/ONYX_AVITO_LAUNCH_PACK_v1/00_docs/AVITO_LISTING_COPY_v1.md"	"4D14CCF5F3935653D7BA67E4C1026B6D045689C76E476D3773F563C6C8368B26"	"4D14CCF5F3935653D7BA67E4C1026B6D045689C76E476D3773F563C6C8368B26"	"IDENTICAL_MOVE"
"13 Production/Marketing/Avito/ONYX_AVITO_LAUNCH_PACK_v1/00_docs/AVITO_LISTING_COPY_v2.md"	"02_Marketing/Avito/Current/ONYX_AVITO_LAUNCH_PACK_v1/00_docs/AVITO_LISTING_COPY_v2.md"	"13330C3A7D5489220FEB540967C8F6B257DB3BEAE995E8856B09502999BDA5D1"	"13330C3A7D5489220FEB540967C8F6B257DB3BEAE995E8856B09502999BDA5D1"	"IDENTICAL_MOVE"
"13 Production/Marketing/Avito/ONYX_AVITO_LAUNCH_PACK_v1/00_docs/BEFORE_REFERENCE_REVIEW_v2_1.md"	"02_Marketing/Avito/Current/ONYX_AVITO_LAUNCH_PACK_v1/00_docs/BEFORE_REFERENCE_REVIEW_v2_1.md"	"A0B99A0EFC2917E627B8B4B7AA061C96ED878DF170338083D2CD673F0125C491"	"A0B99A0EFC2917E627B8B4B7AA061C96ED878DF170338083D2CD673F0125C491"	"IDENTICAL_MOVE"
"13 Production/Marketing/Avito/ONYX_AVITO_LAUNCH_PACK_v1/00_docs/COLLECTION_AVAILABILITY_DECISION_v2_2.md"	"02_Marketing/Avito/Current/ONYX_AVITO_LAUNCH_PACK_v1/00_docs/COLLECTION_AVAILABILITY_DECISION_v2_2.md"	"DDE9C2983DFE08704AD25E6179D0C3A5D87B95784199C23820F60E253BD7C128"	"DDE9C2983DFE08704AD25E6179D0C3A5D87B95784199C23820F60E253BD7C128"	"IDENTICAL_MOVE"
"13 Production/Marketing/Avito/ONYX_AVITO_LAUNCH_PACK_v1/00_docs/COLLECTION_AVAILABILITY_DECISION_v2_3.md"	"02_Marketing/Avito/Current/ONYX_AVITO_LAUNCH_PACK_v1/00_docs/COLLECTION_AVAILABILITY_DECISION_v2_3.md"	"5E8AE391714A40C38FCCCB228A40D7DBF11B1F35AB52915006C1530D90A7B020"	"5E8AE391714A40C38FCCCB228A40D7DBF11B1F35AB52915006C1530D90A7B020"	"IDENTICAL_MOVE"
"13 Production/Marketing/Avito/ONYX_AVITO_LAUNCH_PACK_v1/00_docs/P02_LIFESTYLE_RIGHTS_APPROVAL_v2_4.md"	"02_Marketing/Avito/Current/ONYX_AVITO_LAUNCH_PACK_v1/00_docs/P02_LIFESTYLE_RIGHTS_APPROVAL_v2_4.md"	"8017290AF210A140AC38387F8C3890EB3810E678B9F4355F85BD3849DC97280A"	"8017290AF210A140AC38387F8C3890EB3810E678B9F4355F85BD3849DC97280A"	"IDENTICAL_MOVE"
"13 Production/Marketing/Avito/ONYX_AVITO_LAUNCH_PACK_v1/00_docs/P02_LIFESTYLE_RIGHTS_REVIEW_v2_3.md"	"02_Marketing/Avito/Current/ONYX_AVITO_LAUNCH_PACK_v1/00_docs/P02_LIFESTYLE_RIGHTS_REVIEW_v2_3.md"	"551F8DE0F52BE28277791A0F51B7BFDD75B3D5AF711584E8E3C3CF7521925910"	"551F8DE0F52BE28277791A0F51B7BFDD75B3D5AF711584E8E3C3CF7521925910"	"IDENTICAL_MOVE"
"13 Production/Marketing/Avito/ONYX_AVITO_LAUNCH_PACK_v1/00_docs/QA_REPORT.md"	"02_Marketing/Avito/Current/ONYX_AVITO_LAUNCH_PACK_v1/00_docs/QA_REPORT.md"	"9BEFF6305345375940344715AF74341D0B1C9560FE7757031A0BF7EA8EF085F1"	"9BEFF6305345375940344715AF74341D0B1C9560FE7757031A0BF7EA8EF085F1"	"IDENTICAL_MOVE"
"13 Production/Marketing/Avito/ONYX_AVITO_LAUNCH_PACK_v1/00_docs/QA_REPORT_v2_1.md"	"02_Marketing/Avito/Current/ONYX_AVITO_LAUNCH_PACK_v1/00_docs/QA_REPORT_v2_1.md"	"3E9D950BC6DCBF9715B2C9CFC3063038C1C73883CAB84764321D28518BECB599"	"3E9D950BC6DCBF9715B2C9CFC3063038C1C73883CAB84764321D28518BECB599"	"IDENTICAL_MOVE"
"13 Production/Marketing/Avito/ONYX_AVITO_LAUNCH_PACK_v1/00_docs/QA_REPORT_v2_2.md"	"02_Marketing/Avito/Current/ONYX_AVITO_LAUNCH_PACK_v1/00_docs/QA_REPORT_v2_2.md"	"FC2ED67120EA9204ED53B23A70B582E9209F1AA645A680B729A80ABB53AD086C"	"FC2ED67120EA9204ED53B23A70B582E9209F1AA645A680B729A80ABB53AD086C"	"IDENTICAL_MOVE"
"13 Production/Marketing/Avito/ONYX_AVITO_LAUNCH_PACK_v1/00_docs/QA_REPORT_v2_3.md"	"02_Marketing/Avito/Current/ONYX_AVITO_LAUNCH_PACK_v1/00_docs/QA_REPORT_v2_3.md"	"E301CE27FA458A51DC8E67EE1B8F67B4AF75935AC4FEC6EC8566F68373E3E436"	"E301CE27FA458A51DC8E67EE1B8F67B4AF75935AC4FEC6EC8566F68373E3E436"	"IDENTICAL_MOVE"
"13 Production/Marketing/Avito/ONYX_AVITO_LAUNCH_PACK_v1/00_docs/QA_REPORT_v2_4.md"	"02_Marketing/Avito/Current/ONYX_AVITO_LAUNCH_PACK_v1/00_docs/QA_REPORT_v2_4.md"	"33DC8B903BA1325913CC1A76132D4C7F02A9A582EC73C18F93DB80425B7DAD08"	"33DC8B903BA1325913CC1A76132D4C7F02A9A582EC73C18F93DB80425B7DAD08"	"IDENTICAL_MOVE"
"13 Production/Marketing/Avito/ONYX_AVITO_LAUNCH_PACK_v1/00_docs/QA_REPORT_v2_5.md"	"02_Marketing/Avito/Current/ONYX_AVITO_LAUNCH_PACK_v1/00_docs/QA_REPORT_v2_5.md"	"526CC88AF310ECDACA291FBE5F1851CC8EE91AA7EF38CB78CA10EB8F45429250"	"526CC88AF310ECDACA291FBE5F1851CC8EE91AA7EF38CB78CA10EB8F45429250"	"IDENTICAL_MOVE"
"13 Production/Marketing/Avito/ONYX_AVITO_LAUNCH_PACK_v1/00_docs/QA_REPORT_v2_6.md"	"02_Marketing/Avito/Current/ONYX_AVITO_LAUNCH_PACK_v1/00_docs/QA_REPORT_v2_6.md"	"F10322B15535D9B573651AC4C629A0EC76AD0836204F9C0BB1BF89B446BA1EA6"	"F10322B15535D9B573651AC4C629A0EC76AD0836204F9C0BB1BF89B446BA1EA6"	"IDENTICAL_MOVE"
"13 Production/Marketing/Avito/ONYX_AVITO_LAUNCH_PACK_v1/00_docs/README.md"	"02_Marketing/Avito/Current/ONYX_AVITO_LAUNCH_PACK_v1/00_docs/README.md"	"992BCF740DF91E394C24EEDCE2C58F76FE0FE89441EA34C31F058CE8D3C297B0"	"992BCF740DF91E394C24EEDCE2C58F76FE0FE89441EA34C31F058CE8D3C297B0"	"IDENTICAL_MOVE"
"13 Production/Marketing/Avito/ONYX_AVITO_LAUNCH_PACK_v1/01_asset_candidates/PROVENANCE.json"	"02_Marketing/Avito/Current/ONYX_AVITO_LAUNCH_PACK_v1/01_asset_candidates/PROVENANCE.json"	"1A0F4025ECBFD2F33927C5E58375D6B21597B7D5C1AD601801FB23B0D31A8DDA"	"B817355C0BE501348D2143E6179FACA098CF8F4D9B6E903687E4B98E733F4FC5"	"INTENTIONAL_TRANSFORM"
"13 Production/Marketing/Avito/ONYX_AVITO_LAUNCH_PACK_v1/01_asset_candidates/README.md"	"02_Marketing/Avito/Current/ONYX_AVITO_LAUNCH_PACK_v1/01_asset_candidates/README.md"	"7D6B9C2170339D6E18A678FCEA24DD0BEF94B0C109E3AF1D23DDDA7ADE696C78"	"7D6B9C2170339D6E18A678FCEA24DD0BEF94B0C109E3AF1D23DDDA7ADE696C78"	"IDENTICAL_MOVE"
"13 Production/Marketing/Avito/ONYX_AVITO_LAUNCH_PACK_v1/02_contact_sheets/AVITO_ASSET_CANDIDATES_v1.jpg"	"02_Marketing/Avito/Current/ONYX_AVITO_LAUNCH_PACK_v1/02_contact_sheets/AVITO_ASSET_CANDIDATES_v1.jpg"	"EE3F463B7C221A293A4D101C937F284356146D6AFCB0B771CC7C44FC9BA01845"	"EE3F463B7C221A293A4D101C937F284356146D6AFCB0B771CC7C44FC9BA01845"	"IDENTICAL_MOVE"
"13 Production/Marketing/Avito/ONYX_AVITO_LAUNCH_PACK_v1/02_contact_sheets/AVITO_ASSET_CANDIDATES_v2.jpg"	"02_Marketing/Avito/Current/ONYX_AVITO_LAUNCH_PACK_v1/02_contact_sheets/AVITO_ASSET_CANDIDATES_v2.jpg"	"0CCB9435D57B8471F9EA55B543D9C1D62F272BE57D98CBB5767B7C766624E0FB"	"0CCB9435D57B8471F9EA55B543D9C1D62F272BE57D98CBB5767B7C766624E0FB"	"IDENTICAL_MOVE"
"13 Production/Marketing/Avito/ONYX_AVITO_LAUNCH_PACK_v1/02_contact_sheets/AVITO_CAROUSEL_FINAL_REVIEW_v2_1.jpg"	"02_Marketing/Avito/Current/ONYX_AVITO_LAUNCH_PACK_v1/02_contact_sheets/AVITO_CAROUSEL_FINAL_REVIEW_v2_1.jpg"	"7A281F22F423D299EC42F4E6A8309426F503017EFBAC594725938B1ED4200E1E"	"7A281F22F423D299EC42F4E6A8309426F503017EFBAC594725938B1ED4200E1E"	"IDENTICAL_MOVE"
"13 Production/Marketing/Avito/ONYX_AVITO_LAUNCH_PACK_v1/02_contact_sheets/AVITO_CAROUSEL_FINAL_REVIEW_v2_2.jpg"	"02_Marketing/Avito/Current/ONYX_AVITO_LAUNCH_PACK_v1/02_contact_sheets/AVITO_CAROUSEL_FINAL_REVIEW_v2_2.jpg"	"2C220F8C515CCE2DE66889DE57486F443CFFFC6F7B6DD3D10E91FC64CDAC6D1B"	"2C220F8C515CCE2DE66889DE57486F443CFFFC6F7B6DD3D10E91FC64CDAC6D1B"	"IDENTICAL_MOVE"
"13 Production/Marketing/Avito/ONYX_AVITO_LAUNCH_PACK_v1/02_contact_sheets/AVITO_CAROUSEL_FINAL_REVIEW_v2_3.jpg"	"02_Marketing/Avito/Current/ONYX_AVITO_LAUNCH_PACK_v1/02_contact_sheets/AVITO_CAROUSEL_FINAL_REVIEW_v2_3.jpg"	"3DD7502A553C93F015EA1462BD03FA43B8C4D4B08F417D9D7DC3E903BA288B97"	"3DD7502A553C93F015EA1462BD03FA43B8C4D4B08F417D9D7DC3E903BA288B97"	"IDENTICAL_MOVE"
"13 Production/Marketing/Avito/ONYX_AVITO_LAUNCH_PACK_v1/02_contact_sheets/AVITO_CAROUSEL_FINAL_v2_4.jpg"	"02_Marketing/Avito/Current/ONYX_AVITO_LAUNCH_PACK_v1/02_contact_sheets/AVITO_CAROUSEL_FINAL_v2_4.jpg"	"78C4A3D780AE912D8738169D65E2CA35153DE81BFDE0A3785D591B851529FECC"	"78C4A3D780AE912D8738169D65E2CA35153DE81BFDE0A3785D591B851529FECC"	"IDENTICAL_MOVE"
"13 Production/Marketing/Avito/ONYX_AVITO_LAUNCH_PACK_v1/02_contact_sheets/AVITO_CAROUSEL_FINAL_v2_5.jpg"	"02_Marketing/Avito/Current/ONYX_AVITO_LAUNCH_PACK_v1/02_contact_sheets/AVITO_CAROUSEL_FINAL_v2_5.jpg"	"28F4C79B828332C560A9A60A2A842552F16B666B0D12ACF045BAC29B9B21B963"	"28F4C79B828332C560A9A60A2A842552F16B666B0D12ACF045BAC29B9B21B963"	"IDENTICAL_MOVE"
"13 Production/Marketing/Avito/ONYX_AVITO_LAUNCH_PACK_v1/02_contact_sheets/AVITO_CAROUSEL_FINAL_v2_6.jpg"	"02_Marketing/Avito/Current/ONYX_AVITO_LAUNCH_PACK_v1/02_contact_sheets/AVITO_CAROUSEL_FINAL_v2_6.jpg"	"8462541C868DE593455BD101BD260CA530DA05A146F8AD75D0C76D93CD5BCA80"	"8462541C868DE593455BD101BD260CA530DA05A146F8AD75D0C76D93CD5BCA80"	"IDENTICAL_MOVE"
"13 Production/Marketing/Avito/ONYX_AVITO_LAUNCH_PACK_v1/02_contact_sheets/AVITO_CAROUSEL_PROPOSED_v1.jpg"	"02_Marketing/Avito/Current/ONYX_AVITO_LAUNCH_PACK_v1/02_contact_sheets/AVITO_CAROUSEL_PROPOSED_v1.jpg"	"6D5AEC6DEA8536179D20B232EA1970C7E82321F25F6AF60E983D24517463E73F"	"6D5AEC6DEA8536179D20B232EA1970C7E82321F25F6AF60E983D24517463E73F"	"IDENTICAL_MOVE"
"13 Production/Marketing/Avito/ONYX_AVITO_LAUNCH_PACK_v1/02_contact_sheets/AVITO_CAROUSEL_PROPOSED_v2.jpg"	"02_Marketing/Avito/Current/ONYX_AVITO_LAUNCH_PACK_v1/02_contact_sheets/AVITO_CAROUSEL_PROPOSED_v2.jpg"	"E6B03CE57EF8E3B1D4C819E6444C4CBD59E529335D754CE0E641107CC671C7C4"	"E6B03CE57EF8E3B1D4C819E6444C4CBD59E529335D754CE0E641107CC671C7C4"	"IDENTICAL_MOVE"
"13 Production/Marketing/Avito/ONYX_AVITO_LAUNCH_PACK_v1/03_working/CAROUSEL_BLUEPRINT.md"	"02_Marketing/Avito/Current/ONYX_AVITO_LAUNCH_PACK_v1/03_working/CAROUSEL_BLUEPRINT.md"	"1F073E38CEA85348D4DD4AD3344625E962F0E39AF2C9A1B929747A71528DB5A4"	"1F073E38CEA85348D4DD4AD3344625E962F0E39AF2C9A1B929747A71528DB5A4"	"IDENTICAL_MOVE"
"13 Production/Marketing/Avito/ONYX_AVITO_LAUNCH_PACK_v1/03_working/build_review_pack.py"	"02_Marketing/Avito/Current/ONYX_AVITO_LAUNCH_PACK_v1/03_working/build_review_pack.py"	"0F43E8BF8CA80190258AE0989BF56C60DB4DED97A817700EC57A4E1558204CF1"	"0F43E8BF8CA80190258AE0989BF56C60DB4DED97A817700EC57A4E1558204CF1"	"IDENTICAL_MOVE"
"13 Production/Marketing/Avito/ONYX_AVITO_LAUNCH_PACK_v1/03_working/v2/CAROUSEL_BLUEPRINT_v2.md"	"02_Marketing/Avito/Current/ONYX_AVITO_LAUNCH_PACK_v1/03_working/v2/CAROUSEL_BLUEPRINT_v2.md"	"E48F75A8A959513FF8062A5BA7E325A183FA0499B840E928D81AD1B15483FFE8"	"E48F75A8A959513FF8062A5BA7E325A183FA0499B840E928D81AD1B15483FFE8"	"IDENTICAL_MOVE"
"13 Production/Marketing/Avito/ONYX_AVITO_LAUNCH_PACK_v1/03_working/v2/build_review_pack_v2.py"	"02_Marketing/Avito/Current/ONYX_AVITO_LAUNCH_PACK_v1/03_working/v2/build_review_pack_v2.py"	"7504C31ED7AE20C4B91C185388C70831332DBF4E82037BF89A9F0E0A7816C696"	"7504C31ED7AE20C4B91C185388C70831332DBF4E82037BF89A9F0E0A7816C696"	"IDENTICAL_MOVE"
"13 Production/Marketing/Avito/ONYX_AVITO_LAUNCH_PACK_v1/03_working/v2/validate_review_pack_v2.py"	"02_Marketing/Avito/Current/ONYX_AVITO_LAUNCH_PACK_v1/03_working/v2/validate_review_pack_v2.py"	"7AE02CC26649705B8C1550C33CD2DE014355AA8A57C1ABD9DF773177423DDC01"	"7AE02CC26649705B8C1550C33CD2DE014355AA8A57C1ABD9DF773177423DDC01"	"IDENTICAL_MOVE"
"13 Production/Marketing/Avito/ONYX_AVITO_LAUNCH_PACK_v1/03_working/v2_1/build_micro_pass_v2_1.py"	"02_Marketing/Avito/Current/ONYX_AVITO_LAUNCH_PACK_v1/03_working/v2_1/build_micro_pass_v2_1.py"	"E529959987D9CAC8E61EAB6B655630ADEB263B8E38136F8B8B71B780CEC8C205"	"E529959987D9CAC8E61EAB6B655630ADEB263B8E38136F8B8B71B780CEC8C205"	"IDENTICAL_MOVE"
"13 Production/Marketing/Avito/ONYX_AVITO_LAUNCH_PACK_v1/03_working/v2_1/validate_micro_pass_v2_1.py"	"02_Marketing/Avito/Current/ONYX_AVITO_LAUNCH_PACK_v1/03_working/v2_1/validate_micro_pass_v2_1.py"	"84BE6801A6E4A6586E41399CCFBDB3EE30C63DB12445F1C95F23432BE22E3E22"	"84BE6801A6E4A6586E41399CCFBDB3EE30C63DB12445F1C95F23432BE22E3E22"	"IDENTICAL_MOVE"
"13 Production/Marketing/Avito/ONYX_AVITO_LAUNCH_PACK_v1/03_working/v2_2/CAROUSEL_BLUEPRINT_v2_2.md"	"02_Marketing/Avito/Current/ONYX_AVITO_LAUNCH_PACK_v1/03_working/v2_2/CAROUSEL_BLUEPRINT_v2_2.md"	"8DBE1AA915C9143766038D930A5119645875BFB726B4A8BCA6C20F24EA121C51"	"8DBE1AA915C9143766038D930A5119645875BFB726B4A8BCA6C20F24EA121C51"	"IDENTICAL_MOVE"
"13 Production/Marketing/Avito/ONYX_AVITO_LAUNCH_PACK_v1/03_working/v2_2/build_review_pack_v2_2.py"	"02_Marketing/Avito/Current/ONYX_AVITO_LAUNCH_PACK_v1/03_working/v2_2/build_review_pack_v2_2.py"	"C1494B234937328A49DD7C6220E1CB43E963CF6E30C1608BEAFB9732782B2FD8"	"C1494B234937328A49DD7C6220E1CB43E963CF6E30C1608BEAFB9732782B2FD8"	"IDENTICAL_MOVE"
"13 Production/Marketing/Avito/ONYX_AVITO_LAUNCH_PACK_v1/03_working/v2_2/validate_review_pack_v2_2.py"	"02_Marketing/Avito/Current/ONYX_AVITO_LAUNCH_PACK_v1/03_working/v2_2/validate_review_pack_v2_2.py"	"60CA255B860210641D347832264715CF64AFD45E17A81F40E0976D28D228E06A"	"60CA255B860210641D347832264715CF64AFD45E17A81F40E0976D28D228E06A"	"IDENTICAL_MOVE"
"13 Production/Marketing/Avito/ONYX_AVITO_LAUNCH_PACK_v1/03_working/v2_3/CAROUSEL_BLUEPRINT_v2_3.md"	"02_Marketing/Avito/Current/ONYX_AVITO_LAUNCH_PACK_v1/03_working/v2_3/CAROUSEL_BLUEPRINT_v2_3.md"	"8D1242201A66112A1F482E14943A3104B6C884DC373ADB04ECBDBBE588A57BA4"	"8D1242201A66112A1F482E14943A3104B6C884DC373ADB04ECBDBBE588A57BA4"	"IDENTICAL_MOVE"
"13 Production/Marketing/Avito/ONYX_AVITO_LAUNCH_PACK_v1/03_working/v2_3/build_review_pack_v2_3.py"	"02_Marketing/Avito/Current/ONYX_AVITO_LAUNCH_PACK_v1/03_working/v2_3/build_review_pack_v2_3.py"	"80BB5A10F2A9AC0B250C1AFA42F9253D7BC3547A487DE58AB75FD771BAF2DE4D"	"80BB5A10F2A9AC0B250C1AFA42F9253D7BC3547A487DE58AB75FD771BAF2DE4D"	"IDENTICAL_MOVE"
"13 Production/Marketing/Avito/ONYX_AVITO_LAUNCH_PACK_v1/03_working/v2_3/validate_review_pack_v2_3.py"	"02_Marketing/Avito/Current/ONYX_AVITO_LAUNCH_PACK_v1/03_working/v2_3/validate_review_pack_v2_3.py"	"7D3449886900F0C7742D4B1A32F624F15DDE817DEA44349D7C03CF129B26CF5B"	"7D3449886900F0C7742D4B1A32F624F15DDE817DEA44349D7C03CF129B26CF5B"	"IDENTICAL_MOVE"
"13 Production/Marketing/Avito/ONYX_AVITO_LAUNCH_PACK_v1/03_working/v2_4/CAROUSEL_BLUEPRINT_v2_4.md"	"02_Marketing/Avito/Current/ONYX_AVITO_LAUNCH_PACK_v1/03_working/v2_4/CAROUSEL_BLUEPRINT_v2_4.md"	"56B0AB0CAB631B48E5C1BFB44943447ACD3264D0E4E9D9F5D163016ABEA63940"	"56B0AB0CAB631B48E5C1BFB44943447ACD3264D0E4E9D9F5D163016ABEA63940"	"IDENTICAL_MOVE"
"13 Production/Marketing/Avito/ONYX_AVITO_LAUNCH_PACK_v1/03_working/v2_4/build_final_pack_v2_4.py"	"02_Marketing/Avito/Current/ONYX_AVITO_LAUNCH_PACK_v1/03_working/v2_4/build_final_pack_v2_4.py"	"F730B4844D8518453ABEE506296F1A824ED091786706A3560A637DED8A3DB5A4"	"F730B4844D8518453ABEE506296F1A824ED091786706A3560A637DED8A3DB5A4"	"IDENTICAL_MOVE"
"13 Production/Marketing/Avito/ONYX_AVITO_LAUNCH_PACK_v1/03_working/v2_4/validate_final_pack_v2_4.py"	"02_Marketing/Avito/Current/ONYX_AVITO_LAUNCH_PACK_v1/03_working/v2_4/validate_final_pack_v2_4.py"	"0BF06EEEAA638A0ECFBB60EEDD597BFF0AD359F673E15A214366C974412AB135"	"0BF06EEEAA638A0ECFBB60EEDD597BFF0AD359F673E15A214366C974412AB135"	"IDENTICAL_MOVE"
"13 Production/Marketing/Avito/ONYX_AVITO_LAUNCH_PACK_v1/03_working/v2_5/build_headroom_fix_v2_5.py"	"02_Marketing/Avito/Current/ONYX_AVITO_LAUNCH_PACK_v1/03_working/v2_5/build_headroom_fix_v2_5.py"	"B8298911AAC631E62F6E7A0AC448AECCA1F1B166EBEEA24395ED48140E2F57E8"	"B8298911AAC631E62F6E7A0AC448AECCA1F1B166EBEEA24395ED48140E2F57E8"	"IDENTICAL_MOVE"
"13 Production/Marketing/Avito/ONYX_AVITO_LAUNCH_PACK_v1/03_working/v2_5/validate_headroom_fix_v2_5.py"	"02_Marketing/Avito/Current/ONYX_AVITO_LAUNCH_PACK_v1/03_working/v2_5/validate_headroom_fix_v2_5.py"	"3EBAE6ADCED1EC2AFBD181ACD524882931CE97FC4D97838080C12ACE0B75C10A"	"3EBAE6ADCED1EC2AFBD181ACD524882931CE97FC4D97838080C12ACE0B75C10A"	"IDENTICAL_MOVE"
"13 Production/Marketing/Avito/ONYX_AVITO_LAUNCH_PACK_v1/03_working/v2_6/build_slide09_headroom_fix_v2_6.py"	"02_Marketing/Avito/Current/ONYX_AVITO_LAUNCH_PACK_v1/03_working/v2_6/build_slide09_headroom_fix_v2_6.py"	"0AC294F179AE20A8D7611478154B11C04575641E37287773F21FAA9964AA6642"	"0AC294F179AE20A8D7611478154B11C04575641E37287773F21FAA9964AA6642"	"IDENTICAL_MOVE"
"13 Production/Marketing/Avito/ONYX_AVITO_LAUNCH_PACK_v1/03_working/v2_6/validate_slide09_headroom_fix_v2_6.py"	"02_Marketing/Avito/Current/ONYX_AVITO_LAUNCH_PACK_v1/03_working/v2_6/validate_slide09_headroom_fix_v2_6.py"	"F17C54C91067D40303FAFFA689D1082830DE0AD5D40E368972A86B660D352983"	"F17C54C91067D40303FAFFA689D1082830DE0AD5D40E368972A86B660D352983"	"IDENTICAL_MOVE"
"13 Production/Marketing/Avito/ONYX_AVITO_LAUNCH_PACK_v1/03_working/validate_review_pack.py"	"02_Marketing/Avito/Current/ONYX_AVITO_LAUNCH_PACK_v1/03_working/validate_review_pack.py"	"12995A9E946EC19E2D20FCA1F4DD1A8B9FF869691A1146583655972A4EFAD4FE"	"12995A9E946EC19E2D20FCA1F4DD1A8B9FF869691A1146583655972A4EFAD4FE"	"IDENTICAL_MOVE"
"13 Production/Marketing/Avito/ONYX_AVITO_LAUNCH_PACK_v1/04_master/AVITO_01.png"	"02_Marketing/Avito/Current/ONYX_AVITO_LAUNCH_PACK_v1/04_master/AVITO_01.png"	"B638A3383D4017A2D32FD769A808185F7F0A4518AABEB216B8B0378BAA422B64"	"B638A3383D4017A2D32FD769A808185F7F0A4518AABEB216B8B0378BAA422B64"	"IDENTICAL_MOVE"
"13 Production/Marketing/Avito/ONYX_AVITO_LAUNCH_PACK_v1/04_master/AVITO_02.png"	"02_Marketing/Avito/Current/ONYX_AVITO_LAUNCH_PACK_v1/04_master/AVITO_02.png"	"A42CAD4CD3D9D549383E4C14FFF24A2E79016614C40FB7EF3EB4F0EA16EEF811"	"A42CAD4CD3D9D549383E4C14FFF24A2E79016614C40FB7EF3EB4F0EA16EEF811"	"IDENTICAL_MOVE"
"13 Production/Marketing/Avito/ONYX_AVITO_LAUNCH_PACK_v1/04_master/AVITO_03.png"	"02_Marketing/Avito/Current/ONYX_AVITO_LAUNCH_PACK_v1/04_master/AVITO_03.png"	"5244A1EC257ECBDD7E45D5AAACFCA927F6B406D6C7D3FFECFB7F830C5493DEFC"	"5244A1EC257ECBDD7E45D5AAACFCA927F6B406D6C7D3FFECFB7F830C5493DEFC"	"IDENTICAL_MOVE"
"13 Production/Marketing/Avito/ONYX_AVITO_LAUNCH_PACK_v1/04_master/AVITO_04.png"	"02_Marketing/Avito/Current/ONYX_AVITO_LAUNCH_PACK_v1/04_master/AVITO_04.png"	"57E8168ACC4EF177E8FA2930D75E17E5C68F32E84EC1FA0845F75061E7748646"	"57E8168ACC4EF177E8FA2930D75E17E5C68F32E84EC1FA0845F75061E7748646"	"IDENTICAL_MOVE"
"13 Production/Marketing/Avito/ONYX_AVITO_LAUNCH_PACK_v1/04_master/AVITO_05.png"	"02_Marketing/Avito/Current/ONYX_AVITO_LAUNCH_PACK_v1/04_master/AVITO_05.png"	"826F6D051A62E4F9428260E77C933881F9C307A5252EBC8E09397D5422D92D61"	"826F6D051A62E4F9428260E77C933881F9C307A5252EBC8E09397D5422D92D61"	"IDENTICAL_MOVE"
"13 Production/Marketing/Avito/ONYX_AVITO_LAUNCH_PACK_v1/04_master/AVITO_06.png"	"02_Marketing/Avito/Current/ONYX_AVITO_LAUNCH_PACK_v1/04_master/AVITO_06.png"	"2D228ED9C178010E1B4D093FF4BAA40580B8F2FB92BC60569A270A7D29B45FA6"	"2D228ED9C178010E1B4D093FF4BAA40580B8F2FB92BC60569A270A7D29B45FA6"	"IDENTICAL_MOVE"
"13 Production/Marketing/Avito/ONYX_AVITO_LAUNCH_PACK_v1/04_master/AVITO_07.png"	"02_Marketing/Avito/Current/ONYX_AVITO_LAUNCH_PACK_v1/04_master/AVITO_07.png"	"A3ABB9C1C92FA980236568A2457769883D66484B07A130AA934F0C2DC5FC6426"	"A3ABB9C1C92FA980236568A2457769883D66484B07A130AA934F0C2DC5FC6426"	"IDENTICAL_MOVE"
"13 Production/Marketing/Avito/ONYX_AVITO_LAUNCH_PACK_v1/04_master/AVITO_08.png"	"02_Marketing/Avito/Current/ONYX_AVITO_LAUNCH_PACK_v1/04_master/AVITO_08.png"	"BD9FAC464275ECA290B051A93D1A919A12DC6791D122B1571FD3D71E0EFB0EF8"	"BD9FAC464275ECA290B051A93D1A919A12DC6791D122B1571FD3D71E0EFB0EF8"	"IDENTICAL_MOVE"
"13 Production/Marketing/Avito/ONYX_AVITO_LAUNCH_PACK_v1/04_master/AVITO_09.png"	"02_Marketing/Avito/Current/ONYX_AVITO_LAUNCH_PACK_v1/04_master/AVITO_09.png"	"2632BC94F90B1F7AF7DBE5254B5DAC04AB3C37FE895592ABD6C0E89B7041CBD9"	"2632BC94F90B1F7AF7DBE5254B5DAC04AB3C37FE895592ABD6C0E89B7041CBD9"	"IDENTICAL_MOVE"
"13 Production/Marketing/Avito/ONYX_AVITO_LAUNCH_PACK_v1/04_master/AVITO_10.png"	"02_Marketing/Avito/Current/ONYX_AVITO_LAUNCH_PACK_v1/04_master/AVITO_10.png"	"D8B813CBB99FC92BB4CF9C4C13D357ADB1FA388FFB5E6DF45D59AC8140C29F79"	"D8B813CBB99FC92BB4CF9C4C13D357ADB1FA388FFB5E6DF45D59AC8140C29F79"	"IDENTICAL_MOVE"
"13 Production/Marketing/Avito/ONYX_AVITO_LAUNCH_PACK_v1/04_master/README.md"	"02_Marketing/Avito/Current/ONYX_AVITO_LAUNCH_PACK_v1/04_master/README.md"	"36F8EFE36A58A078DB7754C7ABE1AFAA0BE77E39F4E1CC11EAC7C6F72A975BFF"	"36F8EFE36A58A078DB7754C7ABE1AFAA0BE77E39F4E1CC11EAC7C6F72A975BFF"	"IDENTICAL_MOVE"
"13 Production/Marketing/Avito/ONYX_AVITO_LAUNCH_PACK_v1/04_master/v2/AVITO_V2_01.png"	"02_Marketing/Avito/Current/ONYX_AVITO_LAUNCH_PACK_v1/04_master/v2/AVITO_V2_01.png"	"5309FD115B8EEAEB5F87FE9B1F25E0C41B63229274BA9678B5F8A1C7109BA809"	"5309FD115B8EEAEB5F87FE9B1F25E0C41B63229274BA9678B5F8A1C7109BA809"	"IDENTICAL_MOVE"
"13 Production/Marketing/Avito/ONYX_AVITO_LAUNCH_PACK_v1/04_master/v2/AVITO_V2_02.png"	"02_Marketing/Avito/Current/ONYX_AVITO_LAUNCH_PACK_v1/04_master/v2/AVITO_V2_02.png"	"9F3F35E66B578E3AD7BF0F1544083E556117B79CCC69A97CD7460A23E4494F5F"	"9F3F35E66B578E3AD7BF0F1544083E556117B79CCC69A97CD7460A23E4494F5F"	"IDENTICAL_MOVE"
"13 Production/Marketing/Avito/ONYX_AVITO_LAUNCH_PACK_v1/04_master/v2/AVITO_V2_03.png"	"02_Marketing/Avito/Current/ONYX_AVITO_LAUNCH_PACK_v1/04_master/v2/AVITO_V2_03.png"	"B6FEC35C343EE65B82BA13F82F5F212A6BA26E09E4503C0508BFF0562F42215F"	"B6FEC35C343EE65B82BA13F82F5F212A6BA26E09E4503C0508BFF0562F42215F"	"IDENTICAL_MOVE"
"13 Production/Marketing/Avito/ONYX_AVITO_LAUNCH_PACK_v1/04_master/v2/AVITO_V2_04.png"	"02_Marketing/Avito/Current/ONYX_AVITO_LAUNCH_PACK_v1/04_master/v2/AVITO_V2_04.png"	"880A813DC8F821DBB3F93F31EEA9BF58864CF85E55972A5A87F27B26A53AF4ED"	"880A813DC8F821DBB3F93F31EEA9BF58864CF85E55972A5A87F27B26A53AF4ED"	"IDENTICAL_MOVE"
"13 Production/Marketing/Avito/ONYX_AVITO_LAUNCH_PACK_v1/04_master/v2/AVITO_V2_05.png"	"02_Marketing/Avito/Current/ONYX_AVITO_LAUNCH_PACK_v1/04_master/v2/AVITO_V2_05.png"	"E40880D39284E72D08682B082AF6C645973253C294BBDE5AF60CFE78623F3DD1"	"E40880D39284E72D08682B082AF6C645973253C294BBDE5AF60CFE78623F3DD1"	"IDENTICAL_MOVE"
"13 Production/Marketing/Avito/ONYX_AVITO_LAUNCH_PACK_v1/04_master/v2/AVITO_V2_06.png"	"02_Marketing/Avito/Current/ONYX_AVITO_LAUNCH_PACK_v1/04_master/v2/AVITO_V2_06.png"	"E0545B1B5FEE3BAB5944E520DD034D1B2DF13DCF7642E31B37F394E2EACB4F34"	"E0545B1B5FEE3BAB5944E520DD034D1B2DF13DCF7642E31B37F394E2EACB4F34"	"IDENTICAL_MOVE"
"13 Production/Marketing/Avito/ONYX_AVITO_LAUNCH_PACK_v1/04_master/v2/AVITO_V2_07.png"	"02_Marketing/Avito/Current/ONYX_AVITO_LAUNCH_PACK_v1/04_master/v2/AVITO_V2_07.png"	"D66D3B7DF93EE1125A23D7179C6D5EC859BD404BB0C3DC43D1524F25D45B736C"	"D66D3B7DF93EE1125A23D7179C6D5EC859BD404BB0C3DC43D1524F25D45B736C"	"IDENTICAL_MOVE"
"13 Production/Marketing/Avito/ONYX_AVITO_LAUNCH_PACK_v1/04_master/v2/AVITO_V2_08.png"	"02_Marketing/Avito/Current/ONYX_AVITO_LAUNCH_PACK_v1/04_master/v2/AVITO_V2_08.png"	"A8D0D3CD79660145D7EC628EFF5D9E7057AE8C8F00D82C8A86C41093B564BEB7"	"A8D0D3CD79660145D7EC628EFF5D9E7057AE8C8F00D82C8A86C41093B564BEB7"	"IDENTICAL_MOVE"
"13 Production/Marketing/Avito/ONYX_AVITO_LAUNCH_PACK_v1/04_master/v2/AVITO_V2_09.png"	"02_Marketing/Avito/Current/ONYX_AVITO_LAUNCH_PACK_v1/04_master/v2/AVITO_V2_09.png"	"A5AAAFEEB47C44A8B0F3F817CA00485A1613B6C1704D451898DD072E5C9D7758"	"A5AAAFEEB47C44A8B0F3F817CA00485A1613B6C1704D451898DD072E5C9D7758"	"IDENTICAL_MOVE"
"13 Production/Marketing/Avito/ONYX_AVITO_LAUNCH_PACK_v1/04_master/v2/AVITO_V2_10.png"	"02_Marketing/Avito/Current/ONYX_AVITO_LAUNCH_PACK_v1/04_master/v2/AVITO_V2_10.png"	"C10A6BF82DD7D781391CD13831AD9ED7A35C8A2DBA061997325096B7ABCAACA9"	"C10A6BF82DD7D781391CD13831AD9ED7A35C8A2DBA061997325096B7ABCAACA9"	"IDENTICAL_MOVE"
"13 Production/Marketing/Avito/ONYX_AVITO_LAUNCH_PACK_v1/04_master/v2/README.md"	"02_Marketing/Avito/Current/ONYX_AVITO_LAUNCH_PACK_v1/04_master/v2/README.md"	"A94CDF3F3B6E263BF800ACEACC2793E82DA66E2B7A497D16574E8BCBD9E9B4F9"	"A94CDF3F3B6E263BF800ACEACC2793E82DA66E2B7A497D16574E8BCBD9E9B4F9"	"IDENTICAL_MOVE"
"13 Production/Marketing/Avito/ONYX_AVITO_LAUNCH_PACK_v1/04_master/v2_1/AVITO_V2_1_01.png"	"02_Marketing/Avito/Current/ONYX_AVITO_LAUNCH_PACK_v1/04_master/v2_1/AVITO_V2_1_01.png"	"E355BF650C4FA65568094DC3EEA5AEF185F7ED6346EACC4EE7860F9CB9FE69A1"	"E355BF650C4FA65568094DC3EEA5AEF185F7ED6346EACC4EE7860F9CB9FE69A1"	"IDENTICAL_MOVE"
"13 Production/Marketing/Avito/ONYX_AVITO_LAUNCH_PACK_v1/04_master/v2_1/AVITO_V2_1_02.png"	"02_Marketing/Avito/Current/ONYX_AVITO_LAUNCH_PACK_v1/04_master/v2_1/AVITO_V2_1_02.png"	"9F3F35E66B578E3AD7BF0F1544083E556117B79CCC69A97CD7460A23E4494F5F"	"9F3F35E66B578E3AD7BF0F1544083E556117B79CCC69A97CD7460A23E4494F5F"	"IDENTICAL_MOVE"
"13 Production/Marketing/Avito/ONYX_AVITO_LAUNCH_PACK_v1/04_master/v2_1/AVITO_V2_1_03.png"	"02_Marketing/Avito/Current/ONYX_AVITO_LAUNCH_PACK_v1/04_master/v2_1/AVITO_V2_1_03.png"	"B6FEC35C343EE65B82BA13F82F5F212A6BA26E09E4503C0508BFF0562F42215F"	"B6FEC35C343EE65B82BA13F82F5F212A6BA26E09E4503C0508BFF0562F42215F"	"IDENTICAL_MOVE"
"13 Production/Marketing/Avito/ONYX_AVITO_LAUNCH_PACK_v1/04_master/v2_1/AVITO_V2_1_04.png"	"02_Marketing/Avito/Current/ONYX_AVITO_LAUNCH_PACK_v1/04_master/v2_1/AVITO_V2_1_04.png"	"880A813DC8F821DBB3F93F31EEA9BF58864CF85E55972A5A87F27B26A53AF4ED"	"880A813DC8F821DBB3F93F31EEA9BF58864CF85E55972A5A87F27B26A53AF4ED"	"IDENTICAL_MOVE"
"13 Production/Marketing/Avito/ONYX_AVITO_LAUNCH_PACK_v1/04_master/v2_1/AVITO_V2_1_05.png"	"02_Marketing/Avito/Current/ONYX_AVITO_LAUNCH_PACK_v1/04_master/v2_1/AVITO_V2_1_05.png"	"E40880D39284E72D08682B082AF6C645973253C294BBDE5AF60CFE78623F3DD1"	"E40880D39284E72D08682B082AF6C645973253C294BBDE5AF60CFE78623F3DD1"	"IDENTICAL_MOVE"
"13 Production/Marketing/Avito/ONYX_AVITO_LAUNCH_PACK_v1/04_master/v2_1/AVITO_V2_1_06.png"	"02_Marketing/Avito/Current/ONYX_AVITO_LAUNCH_PACK_v1/04_master/v2_1/AVITO_V2_1_06.png"	"E0545B1B5FEE3BAB5944E520DD034D1B2DF13DCF7642E31B37F394E2EACB4F34"	"E0545B1B5FEE3BAB5944E520DD034D1B2DF13DCF7642E31B37F394E2EACB4F34"	"IDENTICAL_MOVE"
"13 Production/Marketing/Avito/ONYX_AVITO_LAUNCH_PACK_v1/04_master/v2_1/AVITO_V2_1_07.png"	"02_Marketing/Avito/Current/ONYX_AVITO_LAUNCH_PACK_v1/04_master/v2_1/AVITO_V2_1_07.png"	"D66D3B7DF93EE1125A23D7179C6D5EC859BD404BB0C3DC43D1524F25D45B736C"	"D66D3B7DF93EE1125A23D7179C6D5EC859BD404BB0C3DC43D1524F25D45B736C"	"IDENTICAL_MOVE"
"13 Production/Marketing/Avito/ONYX_AVITO_LAUNCH_PACK_v1/04_master/v2_1/AVITO_V2_1_08.png"	"02_Marketing/Avito/Current/ONYX_AVITO_LAUNCH_PACK_v1/04_master/v2_1/AVITO_V2_1_08.png"	"A8D0D3CD79660145D7EC628EFF5D9E7057AE8C8F00D82C8A86C41093B564BEB7"	"A8D0D3CD79660145D7EC628EFF5D9E7057AE8C8F00D82C8A86C41093B564BEB7"	"IDENTICAL_MOVE"
"13 Production/Marketing/Avito/ONYX_AVITO_LAUNCH_PACK_v1/04_master/v2_1/AVITO_V2_1_09.png"	"02_Marketing/Avito/Current/ONYX_AVITO_LAUNCH_PACK_v1/04_master/v2_1/AVITO_V2_1_09.png"	"A5AAAFEEB47C44A8B0F3F817CA00485A1613B6C1704D451898DD072E5C9D7758"	"A5AAAFEEB47C44A8B0F3F817CA00485A1613B6C1704D451898DD072E5C9D7758"	"IDENTICAL_MOVE"
"13 Production/Marketing/Avito/ONYX_AVITO_LAUNCH_PACK_v1/04_master/v2_1/AVITO_V2_1_10.png"	"02_Marketing/Avito/Current/ONYX_AVITO_LAUNCH_PACK_v1/04_master/v2_1/AVITO_V2_1_10.png"	"C10A6BF82DD7D781391CD13831AD9ED7A35C8A2DBA061997325096B7ABCAACA9"	"C10A6BF82DD7D781391CD13831AD9ED7A35C8A2DBA061997325096B7ABCAACA9"	"IDENTICAL_MOVE"
"13 Production/Marketing/Avito/ONYX_AVITO_LAUNCH_PACK_v1/04_master/v2_2/AVITO_V2_2_01.png"	"02_Marketing/Avito/Current/ONYX_AVITO_LAUNCH_PACK_v1/04_master/v2_2/AVITO_V2_2_01.png"	"E355BF650C4FA65568094DC3EEA5AEF185F7ED6346EACC4EE7860F9CB9FE69A1"	"E355BF650C4FA65568094DC3EEA5AEF185F7ED6346EACC4EE7860F9CB9FE69A1"	"IDENTICAL_MOVE"
"13 Production/Marketing/Avito/ONYX_AVITO_LAUNCH_PACK_v1/04_master/v2_2/AVITO_V2_2_02.png"	"02_Marketing/Avito/Current/ONYX_AVITO_LAUNCH_PACK_v1/04_master/v2_2/AVITO_V2_2_02.png"	"9F3F35E66B578E3AD7BF0F1544083E556117B79CCC69A97CD7460A23E4494F5F"	"9F3F35E66B578E3AD7BF0F1544083E556117B79CCC69A97CD7460A23E4494F5F"	"IDENTICAL_MOVE"
"13 Production/Marketing/Avito/ONYX_AVITO_LAUNCH_PACK_v1/04_master/v2_2/AVITO_V2_2_03.png"	"02_Marketing/Avito/Current/ONYX_AVITO_LAUNCH_PACK_v1/04_master/v2_2/AVITO_V2_2_03.png"	"EA1C3646E26802834988EB558616FA1AA5078CCFC478DF3C229569D81DD1B504"	"EA1C3646E26802834988EB558616FA1AA5078CCFC478DF3C229569D81DD1B504"	"IDENTICAL_MOVE"
"13 Production/Marketing/Avito/ONYX_AVITO_LAUNCH_PACK_v1/04_master/v2_2/AVITO_V2_2_04.png"	"02_Marketing/Avito/Current/ONYX_AVITO_LAUNCH_PACK_v1/04_master/v2_2/AVITO_V2_2_04.png"	"83118D6186F405D54346FFE28D94B1069D4421DD678AF49AAED528F2BAC1E9B8"	"83118D6186F405D54346FFE28D94B1069D4421DD678AF49AAED528F2BAC1E9B8"	"IDENTICAL_MOVE"
"13 Production/Marketing/Avito/ONYX_AVITO_LAUNCH_PACK_v1/04_master/v2_2/AVITO_V2_2_05.png"	"02_Marketing/Avito/Current/ONYX_AVITO_LAUNCH_PACK_v1/04_master/v2_2/AVITO_V2_2_05.png"	"186ACC143CC3418CBA259EF550D627BD807D4F8EB378ECCA388C5EDAA02A45B6"	"186ACC143CC3418CBA259EF550D627BD807D4F8EB378ECCA388C5EDAA02A45B6"	"IDENTICAL_MOVE"
"13 Production/Marketing/Avito/ONYX_AVITO_LAUNCH_PACK_v1/04_master/v2_2/AVITO_V2_2_06.png"	"02_Marketing/Avito/Current/ONYX_AVITO_LAUNCH_PACK_v1/04_master/v2_2/AVITO_V2_2_06.png"	"E0545B1B5FEE3BAB5944E520DD034D1B2DF13DCF7642E31B37F394E2EACB4F34"	"E0545B1B5FEE3BAB5944E520DD034D1B2DF13DCF7642E31B37F394E2EACB4F34"	"IDENTICAL_MOVE"
"13 Production/Marketing/Avito/ONYX_AVITO_LAUNCH_PACK_v1/04_master/v2_2/AVITO_V2_2_07.png"	"02_Marketing/Avito/Current/ONYX_AVITO_LAUNCH_PACK_v1/04_master/v2_2/AVITO_V2_2_07.png"	"D66D3B7DF93EE1125A23D7179C6D5EC859BD404BB0C3DC43D1524F25D45B736C"	"D66D3B7DF93EE1125A23D7179C6D5EC859BD404BB0C3DC43D1524F25D45B736C"	"IDENTICAL_MOVE"
"13 Production/Marketing/Avito/ONYX_AVITO_LAUNCH_PACK_v1/04_master/v2_2/AVITO_V2_2_08.png"	"02_Marketing/Avito/Current/ONYX_AVITO_LAUNCH_PACK_v1/04_master/v2_2/AVITO_V2_2_08.png"	"B00AF2AFDAF1DB82198EA77D0F05AE8CC2C68C4437E45A2C5D1133D5CD787655"	"B00AF2AFDAF1DB82198EA77D0F05AE8CC2C68C4437E45A2C5D1133D5CD787655"	"IDENTICAL_MOVE"
"13 Production/Marketing/Avito/ONYX_AVITO_LAUNCH_PACK_v1/04_master/v2_2/AVITO_V2_2_09.png"	"02_Marketing/Avito/Current/ONYX_AVITO_LAUNCH_PACK_v1/04_master/v2_2/AVITO_V2_2_09.png"	"A5AAAFEEB47C44A8B0F3F817CA00485A1613B6C1704D451898DD072E5C9D7758"	"A5AAAFEEB47C44A8B0F3F817CA00485A1613B6C1704D451898DD072E5C9D7758"	"IDENTICAL_MOVE"
"13 Production/Marketing/Avito/ONYX_AVITO_LAUNCH_PACK_v1/04_master/v2_2/AVITO_V2_2_10.png"	"02_Marketing/Avito/Current/ONYX_AVITO_LAUNCH_PACK_v1/04_master/v2_2/AVITO_V2_2_10.png"	"C10A6BF82DD7D781391CD13831AD9ED7A35C8A2DBA061997325096B7ABCAACA9"	"C10A6BF82DD7D781391CD13831AD9ED7A35C8A2DBA061997325096B7ABCAACA9"	"IDENTICAL_MOVE"
"13 Production/Marketing/Avito/ONYX_AVITO_LAUNCH_PACK_v1/04_master/v2_3/AVITO_V2_3_01.png"	"02_Marketing/Avito/Current/ONYX_AVITO_LAUNCH_PACK_v1/04_master/v2_3/AVITO_V2_3_01.png"	"E355BF650C4FA65568094DC3EEA5AEF185F7ED6346EACC4EE7860F9CB9FE69A1"	"E355BF650C4FA65568094DC3EEA5AEF185F7ED6346EACC4EE7860F9CB9FE69A1"	"IDENTICAL_MOVE"
"13 Production/Marketing/Avito/ONYX_AVITO_LAUNCH_PACK_v1/04_master/v2_3/AVITO_V2_3_02.png"	"02_Marketing/Avito/Current/ONYX_AVITO_LAUNCH_PACK_v1/04_master/v2_3/AVITO_V2_3_02.png"	"9F3F35E66B578E3AD7BF0F1544083E556117B79CCC69A97CD7460A23E4494F5F"	"9F3F35E66B578E3AD7BF0F1544083E556117B79CCC69A97CD7460A23E4494F5F"	"IDENTICAL_MOVE"
"13 Production/Marketing/Avito/ONYX_AVITO_LAUNCH_PACK_v1/04_master/v2_3/AVITO_V2_3_03.png"	"02_Marketing/Avito/Current/ONYX_AVITO_LAUNCH_PACK_v1/04_master/v2_3/AVITO_V2_3_03.png"	"27677738DB995D2D55F95ACA770A7D67D9EBBA6E73A208EA888932FEA202193D"	"27677738DB995D2D55F95ACA770A7D67D9EBBA6E73A208EA888932FEA202193D"	"IDENTICAL_MOVE"
"13 Production/Marketing/Avito/ONYX_AVITO_LAUNCH_PACK_v1/04_master/v2_3/AVITO_V2_3_04.png"	"02_Marketing/Avito/Current/ONYX_AVITO_LAUNCH_PACK_v1/04_master/v2_3/AVITO_V2_3_04.png"	"83118D6186F405D54346FFE28D94B1069D4421DD678AF49AAED528F2BAC1E9B8"	"83118D6186F405D54346FFE28D94B1069D4421DD678AF49AAED528F2BAC1E9B8"	"IDENTICAL_MOVE"
"13 Production/Marketing/Avito/ONYX_AVITO_LAUNCH_PACK_v1/04_master/v2_3/AVITO_V2_3_05.png"	"02_Marketing/Avito/Current/ONYX_AVITO_LAUNCH_PACK_v1/04_master/v2_3/AVITO_V2_3_05.png"	"186ACC143CC3418CBA259EF550D627BD807D4F8EB378ECCA388C5EDAA02A45B6"	"186ACC143CC3418CBA259EF550D627BD807D4F8EB378ECCA388C5EDAA02A45B6"	"IDENTICAL_MOVE"
"13 Production/Marketing/Avito/ONYX_AVITO_LAUNCH_PACK_v1/04_master/v2_3/AVITO_V2_3_06.png"	"02_Marketing/Avito/Current/ONYX_AVITO_LAUNCH_PACK_v1/04_master/v2_3/AVITO_V2_3_06.png"	"E0545B1B5FEE3BAB5944E520DD034D1B2DF13DCF7642E31B37F394E2EACB4F34"	"E0545B1B5FEE3BAB5944E520DD034D1B2DF13DCF7642E31B37F394E2EACB4F34"	"IDENTICAL_MOVE"
"13 Production/Marketing/Avito/ONYX_AVITO_LAUNCH_PACK_v1/04_master/v2_3/AVITO_V2_3_07.png"	"02_Marketing/Avito/Current/ONYX_AVITO_LAUNCH_PACK_v1/04_master/v2_3/AVITO_V2_3_07.png"	"D66D3B7DF93EE1125A23D7179C6D5EC859BD404BB0C3DC43D1524F25D45B736C"	"D66D3B7DF93EE1125A23D7179C6D5EC859BD404BB0C3DC43D1524F25D45B736C"	"IDENTICAL_MOVE"
"13 Production/Marketing/Avito/ONYX_AVITO_LAUNCH_PACK_v1/04_master/v2_3/AVITO_V2_3_08.png"	"02_Marketing/Avito/Current/ONYX_AVITO_LAUNCH_PACK_v1/04_master/v2_3/AVITO_V2_3_08.png"	"B00AF2AFDAF1DB82198EA77D0F05AE8CC2C68C4437E45A2C5D1133D5CD787655"	"B00AF2AFDAF1DB82198EA77D0F05AE8CC2C68C4437E45A2C5D1133D5CD787655"	"IDENTICAL_MOVE"
"13 Production/Marketing/Avito/ONYX_AVITO_LAUNCH_PACK_v1/04_master/v2_3/AVITO_V2_3_09.png"	"02_Marketing/Avito/Current/ONYX_AVITO_LAUNCH_PACK_v1/04_master/v2_3/AVITO_V2_3_09.png"	"A5AAAFEEB47C44A8B0F3F817CA00485A1613B6C1704D451898DD072E5C9D7758"	"A5AAAFEEB47C44A8B0F3F817CA00485A1613B6C1704D451898DD072E5C9D7758"	"IDENTICAL_MOVE"
"13 Production/Marketing/Avito/ONYX_AVITO_LAUNCH_PACK_v1/04_master/v2_3/AVITO_V2_3_10.png"	"02_Marketing/Avito/Current/ONYX_AVITO_LAUNCH_PACK_v1/04_master/v2_3/AVITO_V2_3_10.png"	"C10A6BF82DD7D781391CD13831AD9ED7A35C8A2DBA061997325096B7ABCAACA9"	"C10A6BF82DD7D781391CD13831AD9ED7A35C8A2DBA061997325096B7ABCAACA9"	"IDENTICAL_MOVE"
"13 Production/Marketing/Avito/ONYX_AVITO_LAUNCH_PACK_v1/04_master/v2_4/AVITO_V2_4_01.png"	"02_Marketing/Avito/Current/ONYX_AVITO_LAUNCH_PACK_v1/04_master/v2_4/AVITO_V2_4_01.png"	"E355BF650C4FA65568094DC3EEA5AEF185F7ED6346EACC4EE7860F9CB9FE69A1"	"E355BF650C4FA65568094DC3EEA5AEF185F7ED6346EACC4EE7860F9CB9FE69A1"	"IDENTICAL_MOVE"
"13 Production/Marketing/Avito/ONYX_AVITO_LAUNCH_PACK_v1/04_master/v2_4/AVITO_V2_4_02.png"	"02_Marketing/Avito/Current/ONYX_AVITO_LAUNCH_PACK_v1/04_master/v2_4/AVITO_V2_4_02.png"	"9F3F35E66B578E3AD7BF0F1544083E556117B79CCC69A97CD7460A23E4494F5F"	"9F3F35E66B578E3AD7BF0F1544083E556117B79CCC69A97CD7460A23E4494F5F"	"IDENTICAL_MOVE"
"13 Production/Marketing/Avito/ONYX_AVITO_LAUNCH_PACK_v1/04_master/v2_4/AVITO_V2_4_03.png"	"02_Marketing/Avito/Current/ONYX_AVITO_LAUNCH_PACK_v1/04_master/v2_4/AVITO_V2_4_03.png"	"279A54F5A277800521C47B35BDB3EC80F4F1FC4DC1EE47BD0518E69B47F9D3FC"	"279A54F5A277800521C47B35BDB3EC80F4F1FC4DC1EE47BD0518E69B47F9D3FC"	"IDENTICAL_MOVE"
"13 Production/Marketing/Avito/ONYX_AVITO_LAUNCH_PACK_v1/04_master/v2_4/AVITO_V2_4_04.png"	"02_Marketing/Avito/Current/ONYX_AVITO_LAUNCH_PACK_v1/04_master/v2_4/AVITO_V2_4_04.png"	"83118D6186F405D54346FFE28D94B1069D4421DD678AF49AAED528F2BAC1E9B8"	"83118D6186F405D54346FFE28D94B1069D4421DD678AF49AAED528F2BAC1E9B8"	"IDENTICAL_MOVE"
"13 Production/Marketing/Avito/ONYX_AVITO_LAUNCH_PACK_v1/04_master/v2_4/AVITO_V2_4_05.png"	"02_Marketing/Avito/Current/ONYX_AVITO_LAUNCH_PACK_v1/04_master/v2_4/AVITO_V2_4_05.png"	"186ACC143CC3418CBA259EF550D627BD807D4F8EB378ECCA388C5EDAA02A45B6"	"186ACC143CC3418CBA259EF550D627BD807D4F8EB378ECCA388C5EDAA02A45B6"	"IDENTICAL_MOVE"
"13 Production/Marketing/Avito/ONYX_AVITO_LAUNCH_PACK_v1/04_master/v2_4/AVITO_V2_4_06.png"	"02_Marketing/Avito/Current/ONYX_AVITO_LAUNCH_PACK_v1/04_master/v2_4/AVITO_V2_4_06.png"	"E0545B1B5FEE3BAB5944E520DD034D1B2DF13DCF7642E31B37F394E2EACB4F34"	"E0545B1B5FEE3BAB5944E520DD034D1B2DF13DCF7642E31B37F394E2EACB4F34"	"IDENTICAL_MOVE"
"13 Production/Marketing/Avito/ONYX_AVITO_LAUNCH_PACK_v1/04_master/v2_4/AVITO_V2_4_07.png"	"02_Marketing/Avito/Current/ONYX_AVITO_LAUNCH_PACK_v1/04_master/v2_4/AVITO_V2_4_07.png"	"D66D3B7DF93EE1125A23D7179C6D5EC859BD404BB0C3DC43D1524F25D45B736C"	"D66D3B7DF93EE1125A23D7179C6D5EC859BD404BB0C3DC43D1524F25D45B736C"	"IDENTICAL_MOVE"
"13 Production/Marketing/Avito/ONYX_AVITO_LAUNCH_PACK_v1/04_master/v2_4/AVITO_V2_4_08.png"	"02_Marketing/Avito/Current/ONYX_AVITO_LAUNCH_PACK_v1/04_master/v2_4/AVITO_V2_4_08.png"	"B00AF2AFDAF1DB82198EA77D0F05AE8CC2C68C4437E45A2C5D1133D5CD787655"	"B00AF2AFDAF1DB82198EA77D0F05AE8CC2C68C4437E45A2C5D1133D5CD787655"	"IDENTICAL_MOVE"
"13 Production/Marketing/Avito/ONYX_AVITO_LAUNCH_PACK_v1/04_master/v2_4/AVITO_V2_4_09.png"	"02_Marketing/Avito/Current/ONYX_AVITO_LAUNCH_PACK_v1/04_master/v2_4/AVITO_V2_4_09.png"	"A5AAAFEEB47C44A8B0F3F817CA00485A1613B6C1704D451898DD072E5C9D7758"	"A5AAAFEEB47C44A8B0F3F817CA00485A1613B6C1704D451898DD072E5C9D7758"	"IDENTICAL_MOVE"
"13 Production/Marketing/Avito/ONYX_AVITO_LAUNCH_PACK_v1/04_master/v2_4/AVITO_V2_4_10.png"	"02_Marketing/Avito/Current/ONYX_AVITO_LAUNCH_PACK_v1/04_master/v2_4/AVITO_V2_4_10.png"	"C10A6BF82DD7D781391CD13831AD9ED7A35C8A2DBA061997325096B7ABCAACA9"	"C10A6BF82DD7D781391CD13831AD9ED7A35C8A2DBA061997325096B7ABCAACA9"	"IDENTICAL_MOVE"
"13 Production/Marketing/Avito/ONYX_AVITO_LAUNCH_PACK_v1/04_master/v2_5/AVITO_V2_5_01.png"	"02_Marketing/Avito/Current/ONYX_AVITO_LAUNCH_PACK_v1/04_master/v2_5/AVITO_V2_5_01.png"	"E355BF650C4FA65568094DC3EEA5AEF185F7ED6346EACC4EE7860F9CB9FE69A1"	"E355BF650C4FA65568094DC3EEA5AEF185F7ED6346EACC4EE7860F9CB9FE69A1"	"IDENTICAL_MOVE"
"13 Production/Marketing/Avito/ONYX_AVITO_LAUNCH_PACK_v1/04_master/v2_5/AVITO_V2_5_02.png"	"02_Marketing/Avito/Current/ONYX_AVITO_LAUNCH_PACK_v1/04_master/v2_5/AVITO_V2_5_02.png"	"DB4C24DF17BFB63284C08C1A4EDCCDA1C224FAFFF2DC789534013E79A724A4AA"	"DB4C24DF17BFB63284C08C1A4EDCCDA1C224FAFFF2DC789534013E79A724A4AA"	"IDENTICAL_MOVE"
"13 Production/Marketing/Avito/ONYX_AVITO_LAUNCH_PACK_v1/04_master/v2_5/AVITO_V2_5_03.png"	"02_Marketing/Avito/Current/ONYX_AVITO_LAUNCH_PACK_v1/04_master/v2_5/AVITO_V2_5_03.png"	"1200CC6611AF630F06EBDB2F83C3C04AC4DA3CD709E5F9E4D911DB1D999DBF9C"	"1200CC6611AF630F06EBDB2F83C3C04AC4DA3CD709E5F9E4D911DB1D999DBF9C"	"IDENTICAL_MOVE"
"13 Production/Marketing/Avito/ONYX_AVITO_LAUNCH_PACK_v1/04_master/v2_5/AVITO_V2_5_04.png"	"02_Marketing/Avito/Current/ONYX_AVITO_LAUNCH_PACK_v1/04_master/v2_5/AVITO_V2_5_04.png"	"F07E1E018CC30EAB133EBABFD4E1BDEB73359EB0739A0AA485FC9048DB2D6CB0"	"F07E1E018CC30EAB133EBABFD4E1BDEB73359EB0739A0AA485FC9048DB2D6CB0"	"IDENTICAL_MOVE"
"13 Production/Marketing/Avito/ONYX_AVITO_LAUNCH_PACK_v1/04_master/v2_5/AVITO_V2_5_05.png"	"02_Marketing/Avito/Current/ONYX_AVITO_LAUNCH_PACK_v1/04_master/v2_5/AVITO_V2_5_05.png"	"799B7957F7381F7AF35AD5FF0C3E80D631AA3C40D3D3B9EBCD4FC4434F4B35CC"	"799B7957F7381F7AF35AD5FF0C3E80D631AA3C40D3D3B9EBCD4FC4434F4B35CC"	"IDENTICAL_MOVE"
"13 Production/Marketing/Avito/ONYX_AVITO_LAUNCH_PACK_v1/04_master/v2_5/AVITO_V2_5_06.png"	"02_Marketing/Avito/Current/ONYX_AVITO_LAUNCH_PACK_v1/04_master/v2_5/AVITO_V2_5_06.png"	"E0545B1B5FEE3BAB5944E520DD034D1B2DF13DCF7642E31B37F394E2EACB4F34"	"E0545B1B5FEE3BAB5944E520DD034D1B2DF13DCF7642E31B37F394E2EACB4F34"	"IDENTICAL_MOVE"
"13 Production/Marketing/Avito/ONYX_AVITO_LAUNCH_PACK_v1/04_master/v2_5/AVITO_V2_5_07.png"	"02_Marketing/Avito/Current/ONYX_AVITO_LAUNCH_PACK_v1/04_master/v2_5/AVITO_V2_5_07.png"	"D66D3B7DF93EE1125A23D7179C6D5EC859BD404BB0C3DC43D1524F25D45B736C"	"D66D3B7DF93EE1125A23D7179C6D5EC859BD404BB0C3DC43D1524F25D45B736C"	"IDENTICAL_MOVE"
"13 Production/Marketing/Avito/ONYX_AVITO_LAUNCH_PACK_v1/04_master/v2_5/AVITO_V2_5_08.png"	"02_Marketing/Avito/Current/ONYX_AVITO_LAUNCH_PACK_v1/04_master/v2_5/AVITO_V2_5_08.png"	"B00AF2AFDAF1DB82198EA77D0F05AE8CC2C68C4437E45A2C5D1133D5CD787655"	"B00AF2AFDAF1DB82198EA77D0F05AE8CC2C68C4437E45A2C5D1133D5CD787655"	"IDENTICAL_MOVE"
"13 Production/Marketing/Avito/ONYX_AVITO_LAUNCH_PACK_v1/04_master/v2_5/AVITO_V2_5_09.png"	"02_Marketing/Avito/Current/ONYX_AVITO_LAUNCH_PACK_v1/04_master/v2_5/AVITO_V2_5_09.png"	"A5AAAFEEB47C44A8B0F3F817CA00485A1613B6C1704D451898DD072E5C9D7758"	"A5AAAFEEB47C44A8B0F3F817CA00485A1613B6C1704D451898DD072E5C9D7758"	"IDENTICAL_MOVE"
"13 Production/Marketing/Avito/ONYX_AVITO_LAUNCH_PACK_v1/04_master/v2_5/AVITO_V2_5_10.png"	"02_Marketing/Avito/Current/ONYX_AVITO_LAUNCH_PACK_v1/04_master/v2_5/AVITO_V2_5_10.png"	"C10A6BF82DD7D781391CD13831AD9ED7A35C8A2DBA061997325096B7ABCAACA9"	"C10A6BF82DD7D781391CD13831AD9ED7A35C8A2DBA061997325096B7ABCAACA9"	"IDENTICAL_MOVE"
"13 Production/Marketing/Avito/ONYX_AVITO_LAUNCH_PACK_v1/04_master/v2_6/AVITO_V2_6_01.png"	"02_Marketing/Avito/Current/ONYX_AVITO_LAUNCH_PACK_v1/04_master/v2_6/AVITO_V2_6_01.png"	"E355BF650C4FA65568094DC3EEA5AEF185F7ED6346EACC4EE7860F9CB9FE69A1"	"E355BF650C4FA65568094DC3EEA5AEF185F7ED6346EACC4EE7860F9CB9FE69A1"	"IDENTICAL_MOVE"
"13 Production/Marketing/Avito/ONYX_AVITO_LAUNCH_PACK_v1/04_master/v2_6/AVITO_V2_6_02.png"	"02_Marketing/Avito/Current/ONYX_AVITO_LAUNCH_PACK_v1/04_master/v2_6/AVITO_V2_6_02.png"	"DB4C24DF17BFB63284C08C1A4EDCCDA1C224FAFFF2DC789534013E79A724A4AA"	"DB4C24DF17BFB63284C08C1A4EDCCDA1C224FAFFF2DC789534013E79A724A4AA"	"IDENTICAL_MOVE"
"13 Production/Marketing/Avito/ONYX_AVITO_LAUNCH_PACK_v1/04_master/v2_6/AVITO_V2_6_03.png"	"02_Marketing/Avito/Current/ONYX_AVITO_LAUNCH_PACK_v1/04_master/v2_6/AVITO_V2_6_03.png"	"1200CC6611AF630F06EBDB2F83C3C04AC4DA3CD709E5F9E4D911DB1D999DBF9C"	"1200CC6611AF630F06EBDB2F83C3C04AC4DA3CD709E5F9E4D911DB1D999DBF9C"	"IDENTICAL_MOVE"
"13 Production/Marketing/Avito/ONYX_AVITO_LAUNCH_PACK_v1/04_master/v2_6/AVITO_V2_6_04.png"	"02_Marketing/Avito/Current/ONYX_AVITO_LAUNCH_PACK_v1/04_master/v2_6/AVITO_V2_6_04.png"	"F07E1E018CC30EAB133EBABFD4E1BDEB73359EB0739A0AA485FC9048DB2D6CB0"	"F07E1E018CC30EAB133EBABFD4E1BDEB73359EB0739A0AA485FC9048DB2D6CB0"	"IDENTICAL_MOVE"
"13 Production/Marketing/Avito/ONYX_AVITO_LAUNCH_PACK_v1/04_master/v2_6/AVITO_V2_6_05.png"	"02_Marketing/Avito/Current/ONYX_AVITO_LAUNCH_PACK_v1/04_master/v2_6/AVITO_V2_6_05.png"	"799B7957F7381F7AF35AD5FF0C3E80D631AA3C40D3D3B9EBCD4FC4434F4B35CC"	"799B7957F7381F7AF35AD5FF0C3E80D631AA3C40D3D3B9EBCD4FC4434F4B35CC"	"IDENTICAL_MOVE"
"13 Production/Marketing/Avito/ONYX_AVITO_LAUNCH_PACK_v1/04_master/v2_6/AVITO_V2_6_06.png"	"02_Marketing/Avito/Current/ONYX_AVITO_LAUNCH_PACK_v1/04_master/v2_6/AVITO_V2_6_06.png"	"E0545B1B5FEE3BAB5944E520DD034D1B2DF13DCF7642E31B37F394E2EACB4F34"	"E0545B1B5FEE3BAB5944E520DD034D1B2DF13DCF7642E31B37F394E2EACB4F34"	"IDENTICAL_MOVE"
"13 Production/Marketing/Avito/ONYX_AVITO_LAUNCH_PACK_v1/04_master/v2_6/AVITO_V2_6_07.png"	"02_Marketing/Avito/Current/ONYX_AVITO_LAUNCH_PACK_v1/04_master/v2_6/AVITO_V2_6_07.png"	"D66D3B7DF93EE1125A23D7179C6D5EC859BD404BB0C3DC43D1524F25D45B736C"	"D66D3B7DF93EE1125A23D7179C6D5EC859BD404BB0C3DC43D1524F25D45B736C"	"IDENTICAL_MOVE"
"13 Production/Marketing/Avito/ONYX_AVITO_LAUNCH_PACK_v1/04_master/v2_6/AVITO_V2_6_08.png"	"02_Marketing/Avito/Current/ONYX_AVITO_LAUNCH_PACK_v1/04_master/v2_6/AVITO_V2_6_08.png"	"B00AF2AFDAF1DB82198EA77D0F05AE8CC2C68C4437E45A2C5D1133D5CD787655"	"B00AF2AFDAF1DB82198EA77D0F05AE8CC2C68C4437E45A2C5D1133D5CD787655"	"IDENTICAL_MOVE"
"13 Production/Marketing/Avito/ONYX_AVITO_LAUNCH_PACK_v1/04_master/v2_6/AVITO_V2_6_09.png"	"02_Marketing/Avito/Current/ONYX_AVITO_LAUNCH_PACK_v1/04_master/v2_6/AVITO_V2_6_09.png"	"0CBA5442F5A2C787CE4B215E588BFC3A2A4197F7AAE84CF1497644E125D6811B"	"0CBA5442F5A2C787CE4B215E588BFC3A2A4197F7AAE84CF1497644E125D6811B"	"IDENTICAL_MOVE"
"13 Production/Marketing/Avito/ONYX_AVITO_LAUNCH_PACK_v1/04_master/v2_6/AVITO_V2_6_10.png"	"02_Marketing/Avito/Current/ONYX_AVITO_LAUNCH_PACK_v1/04_master/v2_6/AVITO_V2_6_10.png"	"C10A6BF82DD7D781391CD13831AD9ED7A35C8A2DBA061997325096B7ABCAACA9"	"C10A6BF82DD7D781391CD13831AD9ED7A35C8A2DBA061997325096B7ABCAACA9"	"IDENTICAL_MOVE"
"13 Production/Marketing/Avito/ONYX_AVITO_LAUNCH_PACK_v1/05_export/AVITO_01.jpg"	"02_Marketing/Avito/Current/ONYX_AVITO_LAUNCH_PACK_v1/05_export/AVITO_01.jpg"	"617630A7C2BE0BF7EB3B554D1FB007613DC0D10BD6077E8F47A4655E511C2C01"	"617630A7C2BE0BF7EB3B554D1FB007613DC0D10BD6077E8F47A4655E511C2C01"	"IDENTICAL_MOVE"
"13 Production/Marketing/Avito/ONYX_AVITO_LAUNCH_PACK_v1/05_export/AVITO_02.jpg"	"02_Marketing/Avito/Current/ONYX_AVITO_LAUNCH_PACK_v1/05_export/AVITO_02.jpg"	"78F594749C418C631A259E0A58A327785F7E921F8A03F69B4266E83A56DD2D28"	"78F594749C418C631A259E0A58A327785F7E921F8A03F69B4266E83A56DD2D28"	"IDENTICAL_MOVE"
"13 Production/Marketing/Avito/ONYX_AVITO_LAUNCH_PACK_v1/05_export/AVITO_03.jpg"	"02_Marketing/Avito/Current/ONYX_AVITO_LAUNCH_PACK_v1/05_export/AVITO_03.jpg"	"0EAB2960B9D5F4804E6A82752C62B9E7256B2966F9F6A8BF1480B08C47840F7C"	"0EAB2960B9D5F4804E6A82752C62B9E7256B2966F9F6A8BF1480B08C47840F7C"	"IDENTICAL_MOVE"
"13 Production/Marketing/Avito/ONYX_AVITO_LAUNCH_PACK_v1/05_export/AVITO_04.jpg"	"02_Marketing/Avito/Current/ONYX_AVITO_LAUNCH_PACK_v1/05_export/AVITO_04.jpg"	"E5FF9B4E032C0C6F8EFFD1045BF4C2553FEE630DF8D56C542A38D966807D527C"	"E5FF9B4E032C0C6F8EFFD1045BF4C2553FEE630DF8D56C542A38D966807D527C"	"IDENTICAL_MOVE"
"13 Production/Marketing/Avito/ONYX_AVITO_LAUNCH_PACK_v1/05_export/AVITO_05.jpg"	"02_Marketing/Avito/Current/ONYX_AVITO_LAUNCH_PACK_v1/05_export/AVITO_05.jpg"	"A9BAA2265644BCDF9E9E1B9DE3BBA1C80281E32D0771EBC708DBEEB0A87460A7"	"A9BAA2265644BCDF9E9E1B9DE3BBA1C80281E32D0771EBC708DBEEB0A87460A7"	"IDENTICAL_MOVE"
"13 Production/Marketing/Avito/ONYX_AVITO_LAUNCH_PACK_v1/05_export/AVITO_06.jpg"	"02_Marketing/Avito/Current/ONYX_AVITO_LAUNCH_PACK_v1/05_export/AVITO_06.jpg"	"F1783C09A2AF9B76F38EE62B89863BA88061DD9E4B472502349FE4EB2387BB9C"	"F1783C09A2AF9B76F38EE62B89863BA88061DD9E4B472502349FE4EB2387BB9C"	"IDENTICAL_MOVE"
"13 Production/Marketing/Avito/ONYX_AVITO_LAUNCH_PACK_v1/05_export/AVITO_07.jpg"	"02_Marketing/Avito/Current/ONYX_AVITO_LAUNCH_PACK_v1/05_export/AVITO_07.jpg"	"96EBBB710B037D7E1DBC35815AB9AC91414EA083B54E49946A6A9DC47AE2E08D"	"96EBBB710B037D7E1DBC35815AB9AC91414EA083B54E49946A6A9DC47AE2E08D"	"IDENTICAL_MOVE"
"13 Production/Marketing/Avito/ONYX_AVITO_LAUNCH_PACK_v1/05_export/AVITO_08.jpg"	"02_Marketing/Avito/Current/ONYX_AVITO_LAUNCH_PACK_v1/05_export/AVITO_08.jpg"	"6999033C52C43A2BB73D48B793D33B0A6DC63576D84954D06D9342F84614D950"	"6999033C52C43A2BB73D48B793D33B0A6DC63576D84954D06D9342F84614D950"	"IDENTICAL_MOVE"
"13 Production/Marketing/Avito/ONYX_AVITO_LAUNCH_PACK_v1/05_export/AVITO_09.jpg"	"02_Marketing/Avito/Current/ONYX_AVITO_LAUNCH_PACK_v1/05_export/AVITO_09.jpg"	"61C888C4F4F532D7B44BEE16603919F99C5AE1C88C3FBDEE40C2786EF6DEFCE9"	"61C888C4F4F532D7B44BEE16603919F99C5AE1C88C3FBDEE40C2786EF6DEFCE9"	"IDENTICAL_MOVE"
"13 Production/Marketing/Avito/ONYX_AVITO_LAUNCH_PACK_v1/05_export/AVITO_10.jpg"	"02_Marketing/Avito/Current/ONYX_AVITO_LAUNCH_PACK_v1/05_export/AVITO_10.jpg"	"0D7BB9472C113BE8EBBDC93B2DCA406F47A12B9727A50AA32911004B1973B095"	"0D7BB9472C113BE8EBBDC93B2DCA406F47A12B9727A50AA32911004B1973B095"	"IDENTICAL_MOVE"
"13 Production/Marketing/Avito/ONYX_AVITO_LAUNCH_PACK_v1/05_export/README.md"	"02_Marketing/Avito/Current/ONYX_AVITO_LAUNCH_PACK_v1/05_export/README.md"	"FD83010B4C08076ECDE585519544591B64F38F16EBD797795660C2F85E841139"	"FD83010B4C08076ECDE585519544591B64F38F16EBD797795660C2F85E841139"	"IDENTICAL_MOVE"
"13 Production/Marketing/Avito/ONYX_AVITO_LAUNCH_PACK_v1/05_export/v2/AVITO_V2_01.jpg"	"02_Marketing/Avito/Current/ONYX_AVITO_LAUNCH_PACK_v1/05_export/v2/AVITO_V2_01.jpg"	"11E07F2BFB5EE607C2547991CA674AD0FA844F3EAA193E5BAA107C6DDD08D26C"	"11E07F2BFB5EE607C2547991CA674AD0FA844F3EAA193E5BAA107C6DDD08D26C"	"IDENTICAL_MOVE"
"13 Production/Marketing/Avito/ONYX_AVITO_LAUNCH_PACK_v1/05_export/v2/AVITO_V2_02.jpg"	"02_Marketing/Avito/Current/ONYX_AVITO_LAUNCH_PACK_v1/05_export/v2/AVITO_V2_02.jpg"	"F10DEA81C6AC253514B666D84E4B24E1868089744A300AD20C90E335F23F44AC"	"F10DEA81C6AC253514B666D84E4B24E1868089744A300AD20C90E335F23F44AC"	"IDENTICAL_MOVE"
"13 Production/Marketing/Avito/ONYX_AVITO_LAUNCH_PACK_v1/05_export/v2/AVITO_V2_03.jpg"	"02_Marketing/Avito/Current/ONYX_AVITO_LAUNCH_PACK_v1/05_export/v2/AVITO_V2_03.jpg"	"F6CF1C6851E04F01BEE21DB7C8E49828C1F8A0FFD2293A7AAF8B79EFC520C2DE"	"F6CF1C6851E04F01BEE21DB7C8E49828C1F8A0FFD2293A7AAF8B79EFC520C2DE"	"IDENTICAL_MOVE"
"13 Production/Marketing/Avito/ONYX_AVITO_LAUNCH_PACK_v1/05_export/v2/AVITO_V2_04.jpg"	"02_Marketing/Avito/Current/ONYX_AVITO_LAUNCH_PACK_v1/05_export/v2/AVITO_V2_04.jpg"	"65CEB122A914FF4953CD2007FBEF3DD218F744F4997CF9EA6676B81988439678"	"65CEB122A914FF4953CD2007FBEF3DD218F744F4997CF9EA6676B81988439678"	"IDENTICAL_MOVE"
"13 Production/Marketing/Avito/ONYX_AVITO_LAUNCH_PACK_v1/05_export/v2/AVITO_V2_05.jpg"	"02_Marketing/Avito/Current/ONYX_AVITO_LAUNCH_PACK_v1/05_export/v2/AVITO_V2_05.jpg"	"D244F44B3EF0A7F882230B6B2BB62B001BA2E4A9786DF0917902A105E4EC49A5"	"D244F44B3EF0A7F882230B6B2BB62B001BA2E4A9786DF0917902A105E4EC49A5"	"IDENTICAL_MOVE"
"13 Production/Marketing/Avito/ONYX_AVITO_LAUNCH_PACK_v1/05_export/v2/AVITO_V2_06.jpg"	"02_Marketing/Avito/Current/ONYX_AVITO_LAUNCH_PACK_v1/05_export/v2/AVITO_V2_06.jpg"	"3DBF5C2583512B9F7CEC150D69C436B467AB6C4139AF27746BFD4585D3C1EEDD"	"3DBF5C2583512B9F7CEC150D69C436B467AB6C4139AF27746BFD4585D3C1EEDD"	"IDENTICAL_MOVE"
"13 Production/Marketing/Avito/ONYX_AVITO_LAUNCH_PACK_v1/05_export/v2/AVITO_V2_07.jpg"	"02_Marketing/Avito/Current/ONYX_AVITO_LAUNCH_PACK_v1/05_export/v2/AVITO_V2_07.jpg"	"B518F858139FD6DB4B276CEDDDCF092A5E05EB9405F77A63BE6FB615B0FA6AF6"	"B518F858139FD6DB4B276CEDDDCF092A5E05EB9405F77A63BE6FB615B0FA6AF6"	"IDENTICAL_MOVE"
"13 Production/Marketing/Avito/ONYX_AVITO_LAUNCH_PACK_v1/05_export/v2/AVITO_V2_08.jpg"	"02_Marketing/Avito/Current/ONYX_AVITO_LAUNCH_PACK_v1/05_export/v2/AVITO_V2_08.jpg"	"A965F65171D3EBAA713806B071BA8A3AFA3DC3C324B83FA0146F52D1BA182852"	"A965F65171D3EBAA713806B071BA8A3AFA3DC3C324B83FA0146F52D1BA182852"	"IDENTICAL_MOVE"
"13 Production/Marketing/Avito/ONYX_AVITO_LAUNCH_PACK_v1/05_export/v2/AVITO_V2_09.jpg"	"02_Marketing/Avito/Current/ONYX_AVITO_LAUNCH_PACK_v1/05_export/v2/AVITO_V2_09.jpg"	"3F8FECBA4D6121B0EACD29A54BDBA9B7F04F754361D5F86E9FDC47E0BD74621A"	"3F8FECBA4D6121B0EACD29A54BDBA9B7F04F754361D5F86E9FDC47E0BD74621A"	"IDENTICAL_MOVE"
"13 Production/Marketing/Avito/ONYX_AVITO_LAUNCH_PACK_v1/05_export/v2/AVITO_V2_10.jpg"	"02_Marketing/Avito/Current/ONYX_AVITO_LAUNCH_PACK_v1/05_export/v2/AVITO_V2_10.jpg"	"8F155C20B4998032DE0BBC6C0540280E88A5D127180C39440889E14532456295"	"8F155C20B4998032DE0BBC6C0540280E88A5D127180C39440889E14532456295"	"IDENTICAL_MOVE"
"13 Production/Marketing/Avito/ONYX_AVITO_LAUNCH_PACK_v1/05_export/v2/README.md"	"02_Marketing/Avito/Current/ONYX_AVITO_LAUNCH_PACK_v1/05_export/v2/README.md"	"BA546346BCB63AA2BC954420C0DF17D126423C0F904BC1E20D7AE95F68A71BB4"	"BA546346BCB63AA2BC954420C0DF17D126423C0F904BC1E20D7AE95F68A71BB4"	"IDENTICAL_MOVE"
"13 Production/Marketing/Avito/ONYX_AVITO_LAUNCH_PACK_v1/05_export/v2_1/AVITO_V2_1_01.jpg"	"02_Marketing/Avito/Current/ONYX_AVITO_LAUNCH_PACK_v1/05_export/v2_1/AVITO_V2_1_01.jpg"	"F01A08917C5959B9DFA8C589D70F492D2EC2486B53A9B449C1C65F1DBE2608CB"	"F01A08917C5959B9DFA8C589D70F492D2EC2486B53A9B449C1C65F1DBE2608CB"	"IDENTICAL_MOVE"
"13 Production/Marketing/Avito/ONYX_AVITO_LAUNCH_PACK_v1/05_export/v2_1/AVITO_V2_1_02.jpg"	"02_Marketing/Avito/Current/ONYX_AVITO_LAUNCH_PACK_v1/05_export/v2_1/AVITO_V2_1_02.jpg"	"F10DEA81C6AC253514B666D84E4B24E1868089744A300AD20C90E335F23F44AC"	"F10DEA81C6AC253514B666D84E4B24E1868089744A300AD20C90E335F23F44AC"	"IDENTICAL_MOVE"
"13 Production/Marketing/Avito/ONYX_AVITO_LAUNCH_PACK_v1/05_export/v2_1/AVITO_V2_1_03.jpg"	"02_Marketing/Avito/Current/ONYX_AVITO_LAUNCH_PACK_v1/05_export/v2_1/AVITO_V2_1_03.jpg"	"F6CF1C6851E04F01BEE21DB7C8E49828C1F8A0FFD2293A7AAF8B79EFC520C2DE"	"F6CF1C6851E04F01BEE21DB7C8E49828C1F8A0FFD2293A7AAF8B79EFC520C2DE"	"IDENTICAL_MOVE"
"13 Production/Marketing/Avito/ONYX_AVITO_LAUNCH_PACK_v1/05_export/v2_1/AVITO_V2_1_04.jpg"	"02_Marketing/Avito/Current/ONYX_AVITO_LAUNCH_PACK_v1/05_export/v2_1/AVITO_V2_1_04.jpg"	"65CEB122A914FF4953CD2007FBEF3DD218F744F4997CF9EA6676B81988439678"	"65CEB122A914FF4953CD2007FBEF3DD218F744F4997CF9EA6676B81988439678"	"IDENTICAL_MOVE"
"13 Production/Marketing/Avito/ONYX_AVITO_LAUNCH_PACK_v1/05_export/v2_1/AVITO_V2_1_05.jpg"	"02_Marketing/Avito/Current/ONYX_AVITO_LAUNCH_PACK_v1/05_export/v2_1/AVITO_V2_1_05.jpg"	"D244F44B3EF0A7F882230B6B2BB62B001BA2E4A9786DF0917902A105E4EC49A5"	"D244F44B3EF0A7F882230B6B2BB62B001BA2E4A9786DF0917902A105E4EC49A5"	"IDENTICAL_MOVE"
"13 Production/Marketing/Avito/ONYX_AVITO_LAUNCH_PACK_v1/05_export/v2_1/AVITO_V2_1_06.jpg"	"02_Marketing/Avito/Current/ONYX_AVITO_LAUNCH_PACK_v1/05_export/v2_1/AVITO_V2_1_06.jpg"	"3DBF5C2583512B9F7CEC150D69C436B467AB6C4139AF27746BFD4585D3C1EEDD"	"3DBF5C2583512B9F7CEC150D69C436B467AB6C4139AF27746BFD4585D3C1EEDD"	"IDENTICAL_MOVE"
"13 Production/Marketing/Avito/ONYX_AVITO_LAUNCH_PACK_v1/05_export/v2_1/AVITO_V2_1_07.jpg"	"02_Marketing/Avito/Current/ONYX_AVITO_LAUNCH_PACK_v1/05_export/v2_1/AVITO_V2_1_07.jpg"	"B518F858139FD6DB4B276CEDDDCF092A5E05EB9405F77A63BE6FB615B0FA6AF6"	"B518F858139FD6DB4B276CEDDDCF092A5E05EB9405F77A63BE6FB615B0FA6AF6"	"IDENTICAL_MOVE"
"13 Production/Marketing/Avito/ONYX_AVITO_LAUNCH_PACK_v1/05_export/v2_1/AVITO_V2_1_08.jpg"	"02_Marketing/Avito/Current/ONYX_AVITO_LAUNCH_PACK_v1/05_export/v2_1/AVITO_V2_1_08.jpg"	"A965F65171D3EBAA713806B071BA8A3AFA3DC3C324B83FA0146F52D1BA182852"	"A965F65171D3EBAA713806B071BA8A3AFA3DC3C324B83FA0146F52D1BA182852"	"IDENTICAL_MOVE"
"13 Production/Marketing/Avito/ONYX_AVITO_LAUNCH_PACK_v1/05_export/v2_1/AVITO_V2_1_09.jpg"	"02_Marketing/Avito/Current/ONYX_AVITO_LAUNCH_PACK_v1/05_export/v2_1/AVITO_V2_1_09.jpg"	"3F8FECBA4D6121B0EACD29A54BDBA9B7F04F754361D5F86E9FDC47E0BD74621A"	"3F8FECBA4D6121B0EACD29A54BDBA9B7F04F754361D5F86E9FDC47E0BD74621A"	"IDENTICAL_MOVE"
"13 Production/Marketing/Avito/ONYX_AVITO_LAUNCH_PACK_v1/05_export/v2_1/AVITO_V2_1_10.jpg"	"02_Marketing/Avito/Current/ONYX_AVITO_LAUNCH_PACK_v1/05_export/v2_1/AVITO_V2_1_10.jpg"	"8F155C20B4998032DE0BBC6C0540280E88A5D127180C39440889E14532456295"	"8F155C20B4998032DE0BBC6C0540280E88A5D127180C39440889E14532456295"	"IDENTICAL_MOVE"
"13 Production/Marketing/Avito/ONYX_AVITO_LAUNCH_PACK_v1/05_export/v2_2/AVITO_V2_2_01.jpg"	"02_Marketing/Avito/Current/ONYX_AVITO_LAUNCH_PACK_v1/05_export/v2_2/AVITO_V2_2_01.jpg"	"F01A08917C5959B9DFA8C589D70F492D2EC2486B53A9B449C1C65F1DBE2608CB"	"F01A08917C5959B9DFA8C589D70F492D2EC2486B53A9B449C1C65F1DBE2608CB"	"IDENTICAL_MOVE"
"13 Production/Marketing/Avito/ONYX_AVITO_LAUNCH_PACK_v1/05_export/v2_2/AVITO_V2_2_02.jpg"	"02_Marketing/Avito/Current/ONYX_AVITO_LAUNCH_PACK_v1/05_export/v2_2/AVITO_V2_2_02.jpg"	"F10DEA81C6AC253514B666D84E4B24E1868089744A300AD20C90E335F23F44AC"	"F10DEA81C6AC253514B666D84E4B24E1868089744A300AD20C90E335F23F44AC"	"IDENTICAL_MOVE"
"13 Production/Marketing/Avito/ONYX_AVITO_LAUNCH_PACK_v1/05_export/v2_2/AVITO_V2_2_03.jpg"	"02_Marketing/Avito/Current/ONYX_AVITO_LAUNCH_PACK_v1/05_export/v2_2/AVITO_V2_2_03.jpg"	"4603835B9846CAED77E82AF025B761B68E043281E070ED7A957AE42C04DC6878"	"4603835B9846CAED77E82AF025B761B68E043281E070ED7A957AE42C04DC6878"	"IDENTICAL_MOVE"
"13 Production/Marketing/Avito/ONYX_AVITO_LAUNCH_PACK_v1/05_export/v2_2/AVITO_V2_2_04.jpg"	"02_Marketing/Avito/Current/ONYX_AVITO_LAUNCH_PACK_v1/05_export/v2_2/AVITO_V2_2_04.jpg"	"5AA349D2209472B79361C06F5CBDA9EBCD5AD59289C5B96DD59743A0B1288ADC"	"5AA349D2209472B79361C06F5CBDA9EBCD5AD59289C5B96DD59743A0B1288ADC"	"IDENTICAL_MOVE"
"13 Production/Marketing/Avito/ONYX_AVITO_LAUNCH_PACK_v1/05_export/v2_2/AVITO_V2_2_05.jpg"	"02_Marketing/Avito/Current/ONYX_AVITO_LAUNCH_PACK_v1/05_export/v2_2/AVITO_V2_2_05.jpg"	"C64594A79D71EA9264A6822BFC30E75C839811C1F394127E5A6C818AD6DF7127"	"C64594A79D71EA9264A6822BFC30E75C839811C1F394127E5A6C818AD6DF7127"	"IDENTICAL_MOVE"
"13 Production/Marketing/Avito/ONYX_AVITO_LAUNCH_PACK_v1/05_export/v2_2/AVITO_V2_2_06.jpg"	"02_Marketing/Avito/Current/ONYX_AVITO_LAUNCH_PACK_v1/05_export/v2_2/AVITO_V2_2_06.jpg"	"3DBF5C2583512B9F7CEC150D69C436B467AB6C4139AF27746BFD4585D3C1EEDD"	"3DBF5C2583512B9F7CEC150D69C436B467AB6C4139AF27746BFD4585D3C1EEDD"	"IDENTICAL_MOVE"
"13 Production/Marketing/Avito/ONYX_AVITO_LAUNCH_PACK_v1/05_export/v2_2/AVITO_V2_2_07.jpg"	"02_Marketing/Avito/Current/ONYX_AVITO_LAUNCH_PACK_v1/05_export/v2_2/AVITO_V2_2_07.jpg"	"B518F858139FD6DB4B276CEDDDCF092A5E05EB9405F77A63BE6FB615B0FA6AF6"	"B518F858139FD6DB4B276CEDDDCF092A5E05EB9405F77A63BE6FB615B0FA6AF6"	"IDENTICAL_MOVE"
"13 Production/Marketing/Avito/ONYX_AVITO_LAUNCH_PACK_v1/05_export/v2_2/AVITO_V2_2_08.jpg"	"02_Marketing/Avito/Current/ONYX_AVITO_LAUNCH_PACK_v1/05_export/v2_2/AVITO_V2_2_08.jpg"	"EE837E13BA7758E9EDED5C9C6635257C42C34B8DEA9A7689E1FF04BFD044719A"	"EE837E13BA7758E9EDED5C9C6635257C42C34B8DEA9A7689E1FF04BFD044719A"	"IDENTICAL_MOVE"
"13 Production/Marketing/Avito/ONYX_AVITO_LAUNCH_PACK_v1/05_export/v2_2/AVITO_V2_2_09.jpg"	"02_Marketing/Avito/Current/ONYX_AVITO_LAUNCH_PACK_v1/05_export/v2_2/AVITO_V2_2_09.jpg"	"3F8FECBA4D6121B0EACD29A54BDBA9B7F04F754361D5F86E9FDC47E0BD74621A"	"3F8FECBA4D6121B0EACD29A54BDBA9B7F04F754361D5F86E9FDC47E0BD74621A"	"IDENTICAL_MOVE"
"13 Production/Marketing/Avito/ONYX_AVITO_LAUNCH_PACK_v1/05_export/v2_2/AVITO_V2_2_10.jpg"	"02_Marketing/Avito/Current/ONYX_AVITO_LAUNCH_PACK_v1/05_export/v2_2/AVITO_V2_2_10.jpg"	"8F155C20B4998032DE0BBC6C0540280E88A5D127180C39440889E14532456295"	"8F155C20B4998032DE0BBC6C0540280E88A5D127180C39440889E14532456295"	"IDENTICAL_MOVE"
"13 Production/Marketing/Avito/ONYX_AVITO_LAUNCH_PACK_v1/05_export/v2_3/AVITO_V2_3_01.jpg"	"02_Marketing/Avito/Current/ONYX_AVITO_LAUNCH_PACK_v1/05_export/v2_3/AVITO_V2_3_01.jpg"	"F01A08917C5959B9DFA8C589D70F492D2EC2486B53A9B449C1C65F1DBE2608CB"	"F01A08917C5959B9DFA8C589D70F492D2EC2486B53A9B449C1C65F1DBE2608CB"	"IDENTICAL_MOVE"
"13 Production/Marketing/Avito/ONYX_AVITO_LAUNCH_PACK_v1/05_export/v2_3/AVITO_V2_3_02.jpg"	"02_Marketing/Avito/Current/ONYX_AVITO_LAUNCH_PACK_v1/05_export/v2_3/AVITO_V2_3_02.jpg"	"F10DEA81C6AC253514B666D84E4B24E1868089744A300AD20C90E335F23F44AC"	"F10DEA81C6AC253514B666D84E4B24E1868089744A300AD20C90E335F23F44AC"	"IDENTICAL_MOVE"
"13 Production/Marketing/Avito/ONYX_AVITO_LAUNCH_PACK_v1/05_export/v2_3/AVITO_V2_3_03.jpg"	"02_Marketing/Avito/Current/ONYX_AVITO_LAUNCH_PACK_v1/05_export/v2_3/AVITO_V2_3_03.jpg"	"DBE9FB01E3A24704864BA82417DFD8E4BBE4234817797598D49E74FDCC84411F"	"DBE9FB01E3A24704864BA82417DFD8E4BBE4234817797598D49E74FDCC84411F"	"IDENTICAL_MOVE"
"13 Production/Marketing/Avito/ONYX_AVITO_LAUNCH_PACK_v1/05_export/v2_3/AVITO_V2_3_04.jpg"	"02_Marketing/Avito/Current/ONYX_AVITO_LAUNCH_PACK_v1/05_export/v2_3/AVITO_V2_3_04.jpg"	"5AA349D2209472B79361C06F5CBDA9EBCD5AD59289C5B96DD59743A0B1288ADC"	"5AA349D2209472B79361C06F5CBDA9EBCD5AD59289C5B96DD59743A0B1288ADC"	"IDENTICAL_MOVE"
"13 Production/Marketing/Avito/ONYX_AVITO_LAUNCH_PACK_v1/05_export/v2_3/AVITO_V2_3_05.jpg"	"02_Marketing/Avito/Current/ONYX_AVITO_LAUNCH_PACK_v1/05_export/v2_3/AVITO_V2_3_05.jpg"	"C64594A79D71EA9264A6822BFC30E75C839811C1F394127E5A6C818AD6DF7127"	"C64594A79D71EA9264A6822BFC30E75C839811C1F394127E5A6C818AD6DF7127"	"IDENTICAL_MOVE"
"13 Production/Marketing/Avito/ONYX_AVITO_LAUNCH_PACK_v1/05_export/v2_3/AVITO_V2_3_06.jpg"	"02_Marketing/Avito/Current/ONYX_AVITO_LAUNCH_PACK_v1/05_export/v2_3/AVITO_V2_3_06.jpg"	"3DBF5C2583512B9F7CEC150D69C436B467AB6C4139AF27746BFD4585D3C1EEDD"	"3DBF5C2583512B9F7CEC150D69C436B467AB6C4139AF27746BFD4585D3C1EEDD"	"IDENTICAL_MOVE"
"13 Production/Marketing/Avito/ONYX_AVITO_LAUNCH_PACK_v1/05_export/v2_3/AVITO_V2_3_07.jpg"	"02_Marketing/Avito/Current/ONYX_AVITO_LAUNCH_PACK_v1/05_export/v2_3/AVITO_V2_3_07.jpg"	"B518F858139FD6DB4B276CEDDDCF092A5E05EB9405F77A63BE6FB615B0FA6AF6"	"B518F858139FD6DB4B276CEDDDCF092A5E05EB9405F77A63BE6FB615B0FA6AF6"	"IDENTICAL_MOVE"
"13 Production/Marketing/Avito/ONYX_AVITO_LAUNCH_PACK_v1/05_export/v2_3/AVITO_V2_3_08.jpg"	"02_Marketing/Avito/Current/ONYX_AVITO_LAUNCH_PACK_v1/05_export/v2_3/AVITO_V2_3_08.jpg"	"EE837E13BA7758E9EDED5C9C6635257C42C34B8DEA9A7689E1FF04BFD044719A"	"EE837E13BA7758E9EDED5C9C6635257C42C34B8DEA9A7689E1FF04BFD044719A"	"IDENTICAL_MOVE"
"13 Production/Marketing/Avito/ONYX_AVITO_LAUNCH_PACK_v1/05_export/v2_3/AVITO_V2_3_09.jpg"	"02_Marketing/Avito/Current/ONYX_AVITO_LAUNCH_PACK_v1/05_export/v2_3/AVITO_V2_3_09.jpg"	"3F8FECBA4D6121B0EACD29A54BDBA9B7F04F754361D5F86E9FDC47E0BD74621A"	"3F8FECBA4D6121B0EACD29A54BDBA9B7F04F754361D5F86E9FDC47E0BD74621A"	"IDENTICAL_MOVE"
"13 Production/Marketing/Avito/ONYX_AVITO_LAUNCH_PACK_v1/05_export/v2_3/AVITO_V2_3_10.jpg"	"02_Marketing/Avito/Current/ONYX_AVITO_LAUNCH_PACK_v1/05_export/v2_3/AVITO_V2_3_10.jpg"	"8F155C20B4998032DE0BBC6C0540280E88A5D127180C39440889E14532456295"	"8F155C20B4998032DE0BBC6C0540280E88A5D127180C39440889E14532456295"	"IDENTICAL_MOVE"
"13 Production/Marketing/Avito/ONYX_AVITO_LAUNCH_PACK_v1/05_export/v2_4/AVITO_V2_4_01.jpg"	"02_Marketing/Avito/Current/ONYX_AVITO_LAUNCH_PACK_v1/05_export/v2_4/AVITO_V2_4_01.jpg"	"F01A08917C5959B9DFA8C589D70F492D2EC2486B53A9B449C1C65F1DBE2608CB"	"F01A08917C5959B9DFA8C589D70F492D2EC2486B53A9B449C1C65F1DBE2608CB"	"IDENTICAL_MOVE"
"13 Production/Marketing/Avito/ONYX_AVITO_LAUNCH_PACK_v1/05_export/v2_4/AVITO_V2_4_02.jpg"	"02_Marketing/Avito/Current/ONYX_AVITO_LAUNCH_PACK_v1/05_export/v2_4/AVITO_V2_4_02.jpg"	"F10DEA81C6AC253514B666D84E4B24E1868089744A300AD20C90E335F23F44AC"	"F10DEA81C6AC253514B666D84E4B24E1868089744A300AD20C90E335F23F44AC"	"IDENTICAL_MOVE"
"13 Production/Marketing/Avito/ONYX_AVITO_LAUNCH_PACK_v1/05_export/v2_4/AVITO_V2_4_03.jpg"	"02_Marketing/Avito/Current/ONYX_AVITO_LAUNCH_PACK_v1/05_export/v2_4/AVITO_V2_4_03.jpg"	"2B8BFFA412EA9FB67F328607167234BEB96946EB51A8518F87FE3FC1B64D414F"	"2B8BFFA412EA9FB67F328607167234BEB96946EB51A8518F87FE3FC1B64D414F"	"IDENTICAL_MOVE"
"13 Production/Marketing/Avito/ONYX_AVITO_LAUNCH_PACK_v1/05_export/v2_4/AVITO_V2_4_04.jpg"	"02_Marketing/Avito/Current/ONYX_AVITO_LAUNCH_PACK_v1/05_export/v2_4/AVITO_V2_4_04.jpg"	"5AA349D2209472B79361C06F5CBDA9EBCD5AD59289C5B96DD59743A0B1288ADC"	"5AA349D2209472B79361C06F5CBDA9EBCD5AD59289C5B96DD59743A0B1288ADC"	"IDENTICAL_MOVE"
"13 Production/Marketing/Avito/ONYX_AVITO_LAUNCH_PACK_v1/05_export/v2_4/AVITO_V2_4_05.jpg"	"02_Marketing/Avito/Current/ONYX_AVITO_LAUNCH_PACK_v1/05_export/v2_4/AVITO_V2_4_05.jpg"	"C64594A79D71EA9264A6822BFC30E75C839811C1F394127E5A6C818AD6DF7127"	"C64594A79D71EA9264A6822BFC30E75C839811C1F394127E5A6C818AD6DF7127"	"IDENTICAL_MOVE"
"13 Production/Marketing/Avito/ONYX_AVITO_LAUNCH_PACK_v1/05_export/v2_4/AVITO_V2_4_06.jpg"	"02_Marketing/Avito/Current/ONYX_AVITO_LAUNCH_PACK_v1/05_export/v2_4/AVITO_V2_4_06.jpg"	"3DBF5C2583512B9F7CEC150D69C436B467AB6C4139AF27746BFD4585D3C1EEDD"	"3DBF5C2583512B9F7CEC150D69C436B467AB6C4139AF27746BFD4585D3C1EEDD"	"IDENTICAL_MOVE"
"13 Production/Marketing/Avito/ONYX_AVITO_LAUNCH_PACK_v1/05_export/v2_4/AVITO_V2_4_07.jpg"	"02_Marketing/Avito/Current/ONYX_AVITO_LAUNCH_PACK_v1/05_export/v2_4/AVITO_V2_4_07.jpg"	"B518F858139FD6DB4B276CEDDDCF092A5E05EB9405F77A63BE6FB615B0FA6AF6"	"B518F858139FD6DB4B276CEDDDCF092A5E05EB9405F77A63BE6FB615B0FA6AF6"	"IDENTICAL_MOVE"
"13 Production/Marketing/Avito/ONYX_AVITO_LAUNCH_PACK_v1/05_export/v2_4/AVITO_V2_4_08.jpg"	"02_Marketing/Avito/Current/ONYX_AVITO_LAUNCH_PACK_v1/05_export/v2_4/AVITO_V2_4_08.jpg"	"EE837E13BA7758E9EDED5C9C6635257C42C34B8DEA9A7689E1FF04BFD044719A"	"EE837E13BA7758E9EDED5C9C6635257C42C34B8DEA9A7689E1FF04BFD044719A"	"IDENTICAL_MOVE"
"13 Production/Marketing/Avito/ONYX_AVITO_LAUNCH_PACK_v1/05_export/v2_4/AVITO_V2_4_09.jpg"	"02_Marketing/Avito/Current/ONYX_AVITO_LAUNCH_PACK_v1/05_export/v2_4/AVITO_V2_4_09.jpg"	"3F8FECBA4D6121B0EACD29A54BDBA9B7F04F754361D5F86E9FDC47E0BD74621A"	"3F8FECBA4D6121B0EACD29A54BDBA9B7F04F754361D5F86E9FDC47E0BD74621A"	"IDENTICAL_MOVE"
"13 Production/Marketing/Avito/ONYX_AVITO_LAUNCH_PACK_v1/05_export/v2_4/AVITO_V2_4_10.jpg"	"02_Marketing/Avito/Current/ONYX_AVITO_LAUNCH_PACK_v1/05_export/v2_4/AVITO_V2_4_10.jpg"	"8F155C20B4998032DE0BBC6C0540280E88A5D127180C39440889E14532456295"	"8F155C20B4998032DE0BBC6C0540280E88A5D127180C39440889E14532456295"	"IDENTICAL_MOVE"
"13 Production/Marketing/Avito/ONYX_AVITO_LAUNCH_PACK_v1/05_export/v2_5/AVITO_V2_5_01.jpg"	"02_Marketing/Avito/Current/ONYX_AVITO_LAUNCH_PACK_v1/05_export/v2_5/AVITO_V2_5_01.jpg"	"F01A08917C5959B9DFA8C589D70F492D2EC2486B53A9B449C1C65F1DBE2608CB"	"F01A08917C5959B9DFA8C589D70F492D2EC2486B53A9B449C1C65F1DBE2608CB"	"IDENTICAL_MOVE"
"13 Production/Marketing/Avito/ONYX_AVITO_LAUNCH_PACK_v1/05_export/v2_5/AVITO_V2_5_02.jpg"	"02_Marketing/Avito/Current/ONYX_AVITO_LAUNCH_PACK_v1/05_export/v2_5/AVITO_V2_5_02.jpg"	"B0CDE5225A1570BD807EA428255AB285CDE3918FC4BF785F3323C45C5F7AB232"	"B0CDE5225A1570BD807EA428255AB285CDE3918FC4BF785F3323C45C5F7AB232"	"IDENTICAL_MOVE"
"13 Production/Marketing/Avito/ONYX_AVITO_LAUNCH_PACK_v1/05_export/v2_5/AVITO_V2_5_03.jpg"	"02_Marketing/Avito/Current/ONYX_AVITO_LAUNCH_PACK_v1/05_export/v2_5/AVITO_V2_5_03.jpg"	"733EA27C7748A6475AEAFDC2AD51F8558F084F022A9A977D67DCE8A23A191D46"	"733EA27C7748A6475AEAFDC2AD51F8558F084F022A9A977D67DCE8A23A191D46"	"IDENTICAL_MOVE"
"13 Production/Marketing/Avito/ONYX_AVITO_LAUNCH_PACK_v1/05_export/v2_5/AVITO_V2_5_04.jpg"	"02_Marketing/Avito/Current/ONYX_AVITO_LAUNCH_PACK_v1/05_export/v2_5/AVITO_V2_5_04.jpg"	"31D67E5A4D71A01FA771025BC565E72B54033275D33739261F76A59797317995"	"31D67E5A4D71A01FA771025BC565E72B54033275D33739261F76A59797317995"	"IDENTICAL_MOVE"
"13 Production/Marketing/Avito/ONYX_AVITO_LAUNCH_PACK_v1/05_export/v2_5/AVITO_V2_5_05.jpg"	"02_Marketing/Avito/Current/ONYX_AVITO_LAUNCH_PACK_v1/05_export/v2_5/AVITO_V2_5_05.jpg"	"9D1ACAAF45D2E9F02BE4B26CF8EC5E8827B13847308E681EE472999CD6164E78"	"9D1ACAAF45D2E9F02BE4B26CF8EC5E8827B13847308E681EE472999CD6164E78"	"IDENTICAL_MOVE"
"13 Production/Marketing/Avito/ONYX_AVITO_LAUNCH_PACK_v1/05_export/v2_5/AVITO_V2_5_06.jpg"	"02_Marketing/Avito/Current/ONYX_AVITO_LAUNCH_PACK_v1/05_export/v2_5/AVITO_V2_5_06.jpg"	"3DBF5C2583512B9F7CEC150D69C436B467AB6C4139AF27746BFD4585D3C1EEDD"	"3DBF5C2583512B9F7CEC150D69C436B467AB6C4139AF27746BFD4585D3C1EEDD"	"IDENTICAL_MOVE"
"13 Production/Marketing/Avito/ONYX_AVITO_LAUNCH_PACK_v1/05_export/v2_5/AVITO_V2_5_07.jpg"	"02_Marketing/Avito/Current/ONYX_AVITO_LAUNCH_PACK_v1/05_export/v2_5/AVITO_V2_5_07.jpg"	"B518F858139FD6DB4B276CEDDDCF092A5E05EB9405F77A63BE6FB615B0FA6AF6"	"B518F858139FD6DB4B276CEDDDCF092A5E05EB9405F77A63BE6FB615B0FA6AF6"	"IDENTICAL_MOVE"
"13 Production/Marketing/Avito/ONYX_AVITO_LAUNCH_PACK_v1/05_export/v2_5/AVITO_V2_5_08.jpg"	"02_Marketing/Avito/Current/ONYX_AVITO_LAUNCH_PACK_v1/05_export/v2_5/AVITO_V2_5_08.jpg"	"EE837E13BA7758E9EDED5C9C6635257C42C34B8DEA9A7689E1FF04BFD044719A"	"EE837E13BA7758E9EDED5C9C6635257C42C34B8DEA9A7689E1FF04BFD044719A"	"IDENTICAL_MOVE"
"13 Production/Marketing/Avito/ONYX_AVITO_LAUNCH_PACK_v1/05_export/v2_5/AVITO_V2_5_09.jpg"	"02_Marketing/Avito/Current/ONYX_AVITO_LAUNCH_PACK_v1/05_export/v2_5/AVITO_V2_5_09.jpg"	"3F8FECBA4D6121B0EACD29A54BDBA9B7F04F754361D5F86E9FDC47E0BD74621A"	"3F8FECBA4D6121B0EACD29A54BDBA9B7F04F754361D5F86E9FDC47E0BD74621A"	"IDENTICAL_MOVE"
"13 Production/Marketing/Avito/ONYX_AVITO_LAUNCH_PACK_v1/05_export/v2_5/AVITO_V2_5_10.jpg"	"02_Marketing/Avito/Current/ONYX_AVITO_LAUNCH_PACK_v1/05_export/v2_5/AVITO_V2_5_10.jpg"	"8F155C20B4998032DE0BBC6C0540280E88A5D127180C39440889E14532456295"	"8F155C20B4998032DE0BBC6C0540280E88A5D127180C39440889E14532456295"	"IDENTICAL_MOVE"
"13 Production/Marketing/Avito/ONYX_AVITO_LAUNCH_PACK_v1/05_export/v2_6/AVITO_V2_6_01.jpg"	"02_Marketing/Avito/Current/ONYX_AVITO_LAUNCH_PACK_v1/05_export/v2_6/AVITO_V2_6_01.jpg"	"F01A08917C5959B9DFA8C589D70F492D2EC2486B53A9B449C1C65F1DBE2608CB"	"F01A08917C5959B9DFA8C589D70F492D2EC2486B53A9B449C1C65F1DBE2608CB"	"IDENTICAL_MOVE"
"13 Production/Marketing/Avito/ONYX_AVITO_LAUNCH_PACK_v1/05_export/v2_6/AVITO_V2_6_02.jpg"	"02_Marketing/Avito/Current/ONYX_AVITO_LAUNCH_PACK_v1/05_export/v2_6/AVITO_V2_6_02.jpg"	"B0CDE5225A1570BD807EA428255AB285CDE3918FC4BF785F3323C45C5F7AB232"	"B0CDE5225A1570BD807EA428255AB285CDE3918FC4BF785F3323C45C5F7AB232"	"IDENTICAL_MOVE"
"13 Production/Marketing/Avito/ONYX_AVITO_LAUNCH_PACK_v1/05_export/v2_6/AVITO_V2_6_03.jpg"	"02_Marketing/Avito/Current/ONYX_AVITO_LAUNCH_PACK_v1/05_export/v2_6/AVITO_V2_6_03.jpg"	"733EA27C7748A6475AEAFDC2AD51F8558F084F022A9A977D67DCE8A23A191D46"	"733EA27C7748A6475AEAFDC2AD51F8558F084F022A9A977D67DCE8A23A191D46"	"IDENTICAL_MOVE"
"13 Production/Marketing/Avito/ONYX_AVITO_LAUNCH_PACK_v1/05_export/v2_6/AVITO_V2_6_04.jpg"	"02_Marketing/Avito/Current/ONYX_AVITO_LAUNCH_PACK_v1/05_export/v2_6/AVITO_V2_6_04.jpg"	"31D67E5A4D71A01FA771025BC565E72B54033275D33739261F76A59797317995"	"31D67E5A4D71A01FA771025BC565E72B54033275D33739261F76A59797317995"	"IDENTICAL_MOVE"
"13 Production/Marketing/Avito/ONYX_AVITO_LAUNCH_PACK_v1/05_export/v2_6/AVITO_V2_6_05.jpg"	"02_Marketing/Avito/Current/ONYX_AVITO_LAUNCH_PACK_v1/05_export/v2_6/AVITO_V2_6_05.jpg"	"9D1ACAAF45D2E9F02BE4B26CF8EC5E8827B13847308E681EE472999CD6164E78"	"9D1ACAAF45D2E9F02BE4B26CF8EC5E8827B13847308E681EE472999CD6164E78"	"IDENTICAL_MOVE"
"13 Production/Marketing/Avito/ONYX_AVITO_LAUNCH_PACK_v1/05_export/v2_6/AVITO_V2_6_06.jpg"	"02_Marketing/Avito/Current/ONYX_AVITO_LAUNCH_PACK_v1/05_export/v2_6/AVITO_V2_6_06.jpg"	"3DBF5C2583512B9F7CEC150D69C436B467AB6C4139AF27746BFD4585D3C1EEDD"	"3DBF5C2583512B9F7CEC150D69C436B467AB6C4139AF27746BFD4585D3C1EEDD"	"IDENTICAL_MOVE"
"13 Production/Marketing/Avito/ONYX_AVITO_LAUNCH_PACK_v1/05_export/v2_6/AVITO_V2_6_07.jpg"	"02_Marketing/Avito/Current/ONYX_AVITO_LAUNCH_PACK_v1/05_export/v2_6/AVITO_V2_6_07.jpg"	"B518F858139FD6DB4B276CEDDDCF092A5E05EB9405F77A63BE6FB615B0FA6AF6"	"B518F858139FD6DB4B276CEDDDCF092A5E05EB9405F77A63BE6FB615B0FA6AF6"	"IDENTICAL_MOVE"
"13 Production/Marketing/Avito/ONYX_AVITO_LAUNCH_PACK_v1/05_export/v2_6/AVITO_V2_6_08.jpg"	"02_Marketing/Avito/Current/ONYX_AVITO_LAUNCH_PACK_v1/05_export/v2_6/AVITO_V2_6_08.jpg"	"EE837E13BA7758E9EDED5C9C6635257C42C34B8DEA9A7689E1FF04BFD044719A"	"EE837E13BA7758E9EDED5C9C6635257C42C34B8DEA9A7689E1FF04BFD044719A"	"IDENTICAL_MOVE"
"13 Production/Marketing/Avito/ONYX_AVITO_LAUNCH_PACK_v1/05_export/v2_6/AVITO_V2_6_09.jpg"	"02_Marketing/Avito/Current/ONYX_AVITO_LAUNCH_PACK_v1/05_export/v2_6/AVITO_V2_6_09.jpg"	"3049035FA780B703C14D75303EEFE018233C4E7B7A9796008268036512502D20"	"3049035FA780B703C14D75303EEFE018233C4E7B7A9796008268036512502D20"	"IDENTICAL_MOVE"
"13 Production/Marketing/Avito/ONYX_AVITO_LAUNCH_PACK_v1/05_export/v2_6/AVITO_V2_6_10.jpg"	"02_Marketing/Avito/Current/ONYX_AVITO_LAUNCH_PACK_v1/05_export/v2_6/AVITO_V2_6_10.jpg"	"8F155C20B4998032DE0BBC6C0540280E88A5D127180C39440889E14532456295"	"8F155C20B4998032DE0BBC6C0540280E88A5D127180C39440889E14532456295"	"IDENTICAL_MOVE"
"13 Production/Marketing/Avito/ONYX_AVITO_LAUNCH_PACK_v1/06_qa/AVITO_MOBILE_QA_TEXT_CARDS_v1.jpg"	"02_Marketing/Avito/Current/ONYX_AVITO_LAUNCH_PACK_v1/06_qa/AVITO_MOBILE_QA_TEXT_CARDS_v1.jpg"	"1EF875E321E1F501C073328678C0C22113A0383BBED8F81F807949FD13A2318A"	"1EF875E321E1F501C073328678C0C22113A0383BBED8F81F807949FD13A2318A"	"IDENTICAL_MOVE"
"13 Production/Marketing/Avito/ONYX_AVITO_LAUNCH_PACK_v1/06_qa/render_inspection.json"	"02_Marketing/Avito/Current/ONYX_AVITO_LAUNCH_PACK_v1/06_qa/render_inspection.json"	"62CC4642579381A814FDF44F30238A4B73495EE4F9AD322E70692D6BB062DDA0"	"62CC4642579381A814FDF44F30238A4B73495EE4F9AD322E70692D6BB062DDA0"	"IDENTICAL_MOVE"
"13 Production/Marketing/Avito/ONYX_AVITO_LAUNCH_PACK_v1/06_qa/v2/AVITO_MOBILE_QA_v2.jpg"	"02_Marketing/Avito/Current/ONYX_AVITO_LAUNCH_PACK_v1/06_qa/v2/AVITO_MOBILE_QA_v2.jpg"	"A77CBD7DFB68A1DC23B4B9DCB3770BB855878E6F52F4B39BED92A5A0468061C7"	"A77CBD7DFB68A1DC23B4B9DCB3770BB855878E6F52F4B39BED92A5A0468061C7"	"IDENTICAL_MOVE"
"13 Production/Marketing/Avito/ONYX_AVITO_LAUNCH_PACK_v1/06_qa/v2/render_inspection_v2.json"	"02_Marketing/Avito/Current/ONYX_AVITO_LAUNCH_PACK_v1/06_qa/v2/render_inspection_v2.json"	"DFDED83649554A66FE7673A510EF00B53F2B31CF16BF4A9560834FF4BB7F104B"	"DFDED83649554A66FE7673A510EF00B53F2B31CF16BF4A9560834FF4BB7F104B"	"IDENTICAL_MOVE"
"13 Production/Marketing/Avito/ONYX_AVITO_LAUNCH_PACK_v1/06_qa/v2/validation_result_v2.json"	"02_Marketing/Avito/Current/ONYX_AVITO_LAUNCH_PACK_v1/06_qa/v2/validation_result_v2.json"	"56AD3E65553FCA0572F192791C71FC63A3623F7AC297B86C6C6E6E7AC1E5C1E5"	"56AD3E65553FCA0572F192791C71FC63A3623F7AC297B86C6C6E6E7AC1E5C1E5"	"IDENTICAL_MOVE"
"13 Production/Marketing/Avito/ONYX_AVITO_LAUNCH_PACK_v1/06_qa/v2_1/AVITO_MOBILE_QA_v2_1.jpg"	"02_Marketing/Avito/Current/ONYX_AVITO_LAUNCH_PACK_v1/06_qa/v2_1/AVITO_MOBILE_QA_v2_1.jpg"	"BE2EEC01C4D8A81C28DE7FACD92560C9AE9A0BFAA03D131C5EADEB5C3CF0703A"	"BE2EEC01C4D8A81C28DE7FACD92560C9AE9A0BFAA03D131C5EADEB5C3CF0703A"	"IDENTICAL_MOVE"
"13 Production/Marketing/Avito/ONYX_AVITO_LAUNCH_PACK_v1/06_qa/v2_1/render_inspection_v2_1.json"	"02_Marketing/Avito/Current/ONYX_AVITO_LAUNCH_PACK_v1/06_qa/v2_1/render_inspection_v2_1.json"	"2934958582417BD034134E846D1509C3D77F54E8767423B99B5891EA0630B1FF"	"2934958582417BD034134E846D1509C3D77F54E8767423B99B5891EA0630B1FF"	"IDENTICAL_MOVE"
"13 Production/Marketing/Avito/ONYX_AVITO_LAUNCH_PACK_v1/06_qa/v2_1/validation_result_v2_1.json"	"02_Marketing/Avito/Current/ONYX_AVITO_LAUNCH_PACK_v1/06_qa/v2_1/validation_result_v2_1.json"	"5C5E4A74167E7885A52AB6FFCA11D7947F7F64426AADD1BAEE666BA0D2284B95"	"5C5E4A74167E7885A52AB6FFCA11D7947F7F64426AADD1BAEE666BA0D2284B95"	"IDENTICAL_MOVE"
"13 Production/Marketing/Avito/ONYX_AVITO_LAUNCH_PACK_v1/06_qa/v2_2/AVITO_MOBILE_QA_v2_2.jpg"	"02_Marketing/Avito/Current/ONYX_AVITO_LAUNCH_PACK_v1/06_qa/v2_2/AVITO_MOBILE_QA_v2_2.jpg"	"516D60CD0A0AD84A4709614B50F01342084A0A3FB6C52AC4BA6EE187D1D2DD5F"	"516D60CD0A0AD84A4709614B50F01342084A0A3FB6C52AC4BA6EE187D1D2DD5F"	"IDENTICAL_MOVE"
"13 Production/Marketing/Avito/ONYX_AVITO_LAUNCH_PACK_v1/06_qa/v2_2/render_inspection_v2_2.json"	"02_Marketing/Avito/Current/ONYX_AVITO_LAUNCH_PACK_v1/06_qa/v2_2/render_inspection_v2_2.json"	"A2A5FA6267BAB07A0026532D317748D097F266C654701FA46B1FAE83FB1C809C"	"A2A5FA6267BAB07A0026532D317748D097F266C654701FA46B1FAE83FB1C809C"	"IDENTICAL_MOVE"
"13 Production/Marketing/Avito/ONYX_AVITO_LAUNCH_PACK_v1/06_qa/v2_2/validation_result_v2_2.json"	"02_Marketing/Avito/Current/ONYX_AVITO_LAUNCH_PACK_v1/06_qa/v2_2/validation_result_v2_2.json"	"FBD5F0199F31BE338897913857BFF5FE26376CC02049EDF7E9804D41CCDB0D7F"	"FBD5F0199F31BE338897913857BFF5FE26376CC02049EDF7E9804D41CCDB0D7F"	"IDENTICAL_MOVE"
"13 Production/Marketing/Avito/ONYX_AVITO_LAUNCH_PACK_v1/06_qa/v2_3/AVITO_MOBILE_QA_v2_3.jpg"	"02_Marketing/Avito/Current/ONYX_AVITO_LAUNCH_PACK_v1/06_qa/v2_3/AVITO_MOBILE_QA_v2_3.jpg"	"6C0EC6255D55B7BB1C9C2343B80F7BDA3FCD6FC035DF0529003C9C6862A5C037"	"6C0EC6255D55B7BB1C9C2343B80F7BDA3FCD6FC035DF0529003C9C6862A5C037"	"IDENTICAL_MOVE"
"13 Production/Marketing/Avito/ONYX_AVITO_LAUNCH_PACK_v1/06_qa/v2_3/render_inspection_v2_3.json"	"02_Marketing/Avito/Current/ONYX_AVITO_LAUNCH_PACK_v1/06_qa/v2_3/render_inspection_v2_3.json"	"91FC31271358408D17F1FFF46CE096FB5FFF6183D8E8FCE54D8772364787BCFD"	"91FC31271358408D17F1FFF46CE096FB5FFF6183D8E8FCE54D8772364787BCFD"	"IDENTICAL_MOVE"
"13 Production/Marketing/Avito/ONYX_AVITO_LAUNCH_PACK_v1/06_qa/v2_3/validation_result_v2_3.json"	"02_Marketing/Avito/Current/ONYX_AVITO_LAUNCH_PACK_v1/06_qa/v2_3/validation_result_v2_3.json"	"94DD93A426476999D90EEF5788D358AC6D502392B6ABB6D6E454F7BCCBA0B74E"	"94DD93A426476999D90EEF5788D358AC6D502392B6ABB6D6E454F7BCCBA0B74E"	"IDENTICAL_MOVE"
"13 Production/Marketing/Avito/ONYX_AVITO_LAUNCH_PACK_v1/06_qa/v2_4/AVITO_MOBILE_QA_v2_4.jpg"	"02_Marketing/Avito/Current/ONYX_AVITO_LAUNCH_PACK_v1/06_qa/v2_4/AVITO_MOBILE_QA_v2_4.jpg"	"599CC50366C33F8ECBF46C2979FB37F88B867A8728E0CC87BFD16E81A2B02204"	"599CC50366C33F8ECBF46C2979FB37F88B867A8728E0CC87BFD16E81A2B02204"	"IDENTICAL_MOVE"
"13 Production/Marketing/Avito/ONYX_AVITO_LAUNCH_PACK_v1/06_qa/v2_4/render_inspection_v2_4.json"	"02_Marketing/Avito/Current/ONYX_AVITO_LAUNCH_PACK_v1/06_qa/v2_4/render_inspection_v2_4.json"	"51244C01AC81247445232979B6AD99CAF7BFCEC70EC78E5B341C6D03E0E81841"	"51244C01AC81247445232979B6AD99CAF7BFCEC70EC78E5B341C6D03E0E81841"	"IDENTICAL_MOVE"
"13 Production/Marketing/Avito/ONYX_AVITO_LAUNCH_PACK_v1/06_qa/v2_4/validation_result_v2_4.json"	"02_Marketing/Avito/Current/ONYX_AVITO_LAUNCH_PACK_v1/06_qa/v2_4/validation_result_v2_4.json"	"D03BF58BDE17FB04BF3390C5C99F4012DEF31B7998B888F53D52F7FD97CFCCA4"	"D03BF58BDE17FB04BF3390C5C99F4012DEF31B7998B888F53D52F7FD97CFCCA4"	"IDENTICAL_MOVE"
"13 Production/Marketing/Avito/ONYX_AVITO_LAUNCH_PACK_v1/06_qa/v2_5/AVITO_MOBILE_QA_v2_5.jpg"	"02_Marketing/Avito/Current/ONYX_AVITO_LAUNCH_PACK_v1/06_qa/v2_5/AVITO_MOBILE_QA_v2_5.jpg"	"DEACA265F5BA2F4307DF27BB53E373353EE4831599FDC05019C6E2757940DF5F"	"DEACA265F5BA2F4307DF27BB53E373353EE4831599FDC05019C6E2757940DF5F"	"IDENTICAL_MOVE"
"13 Production/Marketing/Avito/ONYX_AVITO_LAUNCH_PACK_v1/06_qa/v2_5/render_inspection_v2_5.json"	"02_Marketing/Avito/Current/ONYX_AVITO_LAUNCH_PACK_v1/06_qa/v2_5/render_inspection_v2_5.json"	"28F5AAD93E2717A1B13D42E846F21DEEBBD299258958BBE1D6F79F8D2F4F8B3A"	"28F5AAD93E2717A1B13D42E846F21DEEBBD299258958BBE1D6F79F8D2F4F8B3A"	"IDENTICAL_MOVE"
"13 Production/Marketing/Avito/ONYX_AVITO_LAUNCH_PACK_v1/06_qa/v2_5/validation_result_v2_5.json"	"02_Marketing/Avito/Current/ONYX_AVITO_LAUNCH_PACK_v1/06_qa/v2_5/validation_result_v2_5.json"	"D4BFB6C1468D805C9E66FD781A41E5DE3A474E1666CB754453F580C5C6054983"	"D4BFB6C1468D805C9E66FD781A41E5DE3A474E1666CB754453F580C5C6054983"	"IDENTICAL_MOVE"
"13 Production/Marketing/Avito/ONYX_AVITO_LAUNCH_PACK_v1/06_qa/v2_6/AVITO_MOBILE_QA_v2_6.jpg"	"02_Marketing/Avito/Current/ONYX_AVITO_LAUNCH_PACK_v1/06_qa/v2_6/AVITO_MOBILE_QA_v2_6.jpg"	"17602BAF3358D0C25A6C38AD25C64AF5E25AAD8DE1C572E09D36EA8172AB6EB0"	"17602BAF3358D0C25A6C38AD25C64AF5E25AAD8DE1C572E09D36EA8172AB6EB0"	"IDENTICAL_MOVE"
"13 Production/Marketing/Avito/ONYX_AVITO_LAUNCH_PACK_v1/06_qa/v2_6/render_inspection_v2_6.json"	"02_Marketing/Avito/Current/ONYX_AVITO_LAUNCH_PACK_v1/06_qa/v2_6/render_inspection_v2_6.json"	"05305E50489DB1ED8B3E2209835AA6FCC5837DDA30E6768FF4487E0FFE0827BB"	"05305E50489DB1ED8B3E2209835AA6FCC5837DDA30E6768FF4487E0FFE0827BB"	"IDENTICAL_MOVE"
"13 Production/Marketing/Avito/ONYX_AVITO_LAUNCH_PACK_v1/06_qa/v2_6/validation_result_v2_6.json"	"02_Marketing/Avito/Current/ONYX_AVITO_LAUNCH_PACK_v1/06_qa/v2_6/validation_result_v2_6.json"	"5BA8A4320E6695E0DE718A6E7A09309BD592EB727D3D12EE82F215B1493BB38B"	"5BA8A4320E6695E0DE718A6E7A09309BD592EB727D3D12EE82F215B1493BB38B"	"IDENTICAL_MOVE"
"13 Production/Marketing/Avito/ONYX_AVITO_LAUNCH_PACK_v1/06_qa/validation_result.json"	"02_Marketing/Avito/Current/ONYX_AVITO_LAUNCH_PACK_v1/06_qa/validation_result.json"	"3A247163FF464AA2C124227098049E67B77C39CEB693B716158EF026EADF56C8"	"3A247163FF464AA2C124227098049E67B77C39CEB693B716158EF026EADF56C8"	"IDENTICAL_MOVE"
"13 Production/Marketing/Avito/ONYX_AVITO_LAUNCH_REQUIREMENTS_v1.md"	"02_Marketing/Avito/Current/ONYX_AVITO_LAUNCH_REQUIREMENTS_v1.md"	"D6B2EE01DD1B7750A5E3CA9093B0E4982FBA039643E210C58421069915E6B6F6"	"D6B2EE01DD1B7750A5E3CA9093B0E4982FBA039643E210C58421069915E6B6F6"	"IDENTICAL_MOVE"
"13 Production/Marketing/Social/.gitkeep"	"02_Marketing/Social/.gitkeep"	"01BA4719C80B6FE911B091A7C05124B64EEECE964E09C058EF8F9805DACA546B"	"01BA4719C80B6FE911B091A7C05124B64EEECE964E09C058EF8F9805DACA546B"	"IDENTICAL_MOVE"
"13 Production/Marketing/Website/.gitkeep"	"02_Marketing/Website/.gitkeep"	"01BA4719C80B6FE911B091A7C05124B64EEECE964E09C058EF8F9805DACA546B"	"01BA4719C80B6FE911B091A7C05124B64EEECE964E09C058EF8F9805DACA546B"	"IDENTICAL_MOVE"
"13 Production/Brand/BRAND_BOARD_1920x1080_SPEC.md"	"03_Standards/Brand/BRAND_BOARD_1920x1080_SPEC.md"	"A853AC805F8766B2E282E89CE1D614079F64D8C49D3F551CEF0A8AE12C15F6B0"	"A853AC805F8766B2E282E89CE1D614079F64D8C49D3F551CEF0A8AE12C15F6B0"	"IDENTICAL_MOVE"
"13 Production/Brand/BRAND_PREFLIGHT_CHECKLIST_V1.md"	"03_Standards/Brand/BRAND_PREFLIGHT_CHECKLIST_V1.md"	"14F7E091C6140C03979A9B28DDB5DB4C282B1BAD8E1CD6A9C6EE5263F9E4EB50"	"14F7E091C6140C03979A9B28DDB5DB4C282B1BAD8E1CD6A9C6EE5263F9E4EB50"	"IDENTICAL_MOVE"
"13 Production/Brand/CLIENT_PREVIEW_PROOF_STANDARD_V1.md"	"03_Standards/Brand/CLIENT_PREVIEW_PROOF_STANDARD_V1.md"	"CF4AC784F6D55A5BD917631E4CE42A982D2D778BD9FAC51796920DE4792DAD0A"	"CF4AC784F6D55A5BD917631E4CE42A982D2D778BD9FAC51796920DE4792DAD0A"	"IDENTICAL_MOVE"
"13 Production/Brand/ONYX_BRANDBOOK_CONTENT_V1.md"	"03_Standards/Brand/ONYX_BRANDBOOK_CONTENT_V1.md"	"C6480C00CA40BB5A961E65F54B72001DE3881107623B234304199AC338DE8CA2"	"C6480C00CA40BB5A961E65F54B72001DE3881107623B234304199AC338DE8CA2"	"IDENTICAL_MOVE"
"13 Production/Brand/ONYX_BRANDBOOK_V1.pdf"	"03_Standards/Brand/ONYX_BRANDBOOK_V1.pdf"	"352FC98A85A709EDDA6F9D9CA658DF6A281E2E05D0614BA418266C2E03E39B25"	"352FC98A85A709EDDA6F9D9CA658DF6A281E2E05D0614BA418266C2E03E39B25"	"IDENTICAL_MOVE"
"13 Production/Brand/ONYX_BRANDBOOK_V1_1.pdf"	"03_Standards/Brand/ONYX_BRANDBOOK_V1_1.pdf"	"30B6854E3B361C5F57F4E3A8F8C973753AC4F3A9B1D3A7901C08CF7C66BB605B"	"30B6854E3B361C5F57F4E3A8F8C973753AC4F3A9B1D3A7901C08CF7C66BB605B"	"IDENTICAL_MOVE"
"13 Production/Brand/ONYX_BRAND_BOARD_V1.png"	"03_Standards/Brand/ONYX_BRAND_BOARD_V1.png"	"02E0BEC7309A60C523E91F93EDC0068E5CBE3F0F7252878365F434E4CBD0CD3D"	"02E0BEC7309A60C523E91F93EDC0068E5CBE3F0F7252878365F434E4CBD0CD3D"	"IDENTICAL_MOVE"
"13 Production/Brand/ONYX_BRAND_SYSTEM.md"	"03_Standards/Brand/ONYX_BRAND_SYSTEM.md"	"DDACD387D24442F42BA9368FB5A3297E549E870E5AC1DB671E2E16728CEC6D24"	"DDACD387D24442F42BA9368FB5A3297E549E870E5AC1DB671E2E16728CEC6D24"	"IDENTICAL_MOVE"
"13 Production/Client_Experience/Intake/ONYX_CONSENT_AND_PRIVACY_v1.md"	"03_Standards/Client_Experience/ONYX_CONSENT_AND_PRIVACY_v1.md"	"7E17DC01DB242F2E0A1951A72D497CBAB427ACF1E5316891052E68F34BE49D8A"	"7E17DC01DB242F2E0A1951A72D497CBAB427ACF1E5316891052E68F34BE49D8A"	"IDENTICAL_MOVE"
"13 Production/Client_Experience/Intake/ONYX_DATA_RETENTION_AND_DELETION_v1.md"	"03_Standards/Client_Experience/ONYX_DATA_RETENTION_AND_DELETION_v1.md"	"1CF9508C69C6D52ED8A8F2C98DE0490411AB9EB92ADA962C94A5E5F7686036B0"	"1CF9508C69C6D52ED8A8F2C98DE0490411AB9EB92ADA962C94A5E5F7686036B0"	"IDENTICAL_MOVE"
"13 Production/Client_Experience/Intake/ONYX_PREMIUM_CREATIVE_PROFILE_v1.md"	"03_Standards/Client_Experience/ONYX_PREMIUM_CREATIVE_PROFILE_v1.md"	"0257131E07C81E700AD8D8EE32C55B8E1DE243875A275DC70C851725FE3F0EF3"	"0257131E07C81E700AD8D8EE32C55B8E1DE243875A275DC70C851725FE3F0EF3"	"IDENTICAL_MOVE"
"13 Production/Client_Experience/Intake/ONYX_REFERENCE_GUIDE_v1.md"	"03_Standards/Client_Experience/ONYX_REFERENCE_GUIDE_v1.md"	"A55EBC7E093E0491FF438C72100F6E8FE734EB14FBE1CF05B7CAAC20F5D84F3F"	"A55EBC7E093E0491FF438C72100F6E8FE734EB14FBE1CF05B7CAAC20F5D84F3F"	"IDENTICAL_MOVE"
"13 Production/Client_Experience/Intake/ONYX_REFERENCE_QA_STANDARD_v1.md"	"03_Standards/Client_Experience/ONYX_REFERENCE_QA_STANDARD_v1.md"	"C409E3992345773342ED6F0AC8136F3533B8C47090646E2D5FE07ED78D6C5F57"	"C409E3992345773342ED6F0AC8136F3533B8C47090646E2D5FE07ED78D6C5F57"	"IDENTICAL_MOVE"
"13 Production/Product_Standards/ONYX_MARKETING_STANDARD.md"	"03_Standards/Marketing/ONYX_MARKETING_STANDARD.md"	"42616BB08CC57682AE1E10823C88C050B00A329BC744D99DB0C450494A22824D"	"42616BB08CC57682AE1E10823C88C050B00A329BC744D99DB0C450494A22824D"	"IDENTICAL_MOVE"
"13 Production/Product_Standards/ONYX_COLLECTION_BOOK_STANDARD.md"	"03_Standards/Portfolio/ONYX_COLLECTION_BOOK_STANDARD.md"	"3BAE7B14E72B6641139BCA234F2C744D5206212FC6C6D1AE98AA8EF522782908"	"3BAE7B14E72B6641139BCA234F2C744D5206212FC6C6D1AE98AA8EF522782908"	"IDENTICAL_MOVE"
"13 Production/Product_Standards/ONYX_COLLECTION_CATALOG.md"	"03_Standards/Portfolio/ONYX_COLLECTION_CATALOG.md"	"FEEF6AF1F6A55BE91D621CECFB01D3489085550BF8F456EAD941197B70CFD266"	"FEEF6AF1F6A55BE91D621CECFB01D3489085550BF8F456EAD941197B70CFD266"	"IDENTICAL_MOVE"
"13 Production/Product_Standards/ONYX_PORTFOLIO_STANDARD.md"	"03_Standards/Portfolio/ONYX_PORTFOLIO_STANDARD.md"	"22DFEBA3AEAD03501A50C903EA26220303DB5B0FC3D65F6A52B41D9EB02733FD"	"22DFEBA3AEAD03501A50C903EA26220303DB5B0FC3D65F6A52B41D9EB02733FD"	"IDENTICAL_MOVE"
"13 Production/Product_Standards/ONYX_PREPAYMENT_PREVIEW_STANDARD.md"	"03_Standards/Portfolio/ONYX_PREPAYMENT_PREVIEW_STANDARD.md"	"22DFD798A2E3A280B2912ECA1779E6008111464EBAD6A10102C1C5542859B9B7"	"22DFD798A2E3A280B2912ECA1779E6008111464EBAD6A10102C1C5542859B9B7"	"IDENTICAL_MOVE"
"13 Production/Product_Standards/ONYX_COMMERCIAL_VERSION_HISTORY_v1.md"	"03_Standards/Product/ONYX_COMMERCIAL_VERSION_HISTORY_v1.md"	"C305745753D0D9651C0E91E32963A8BED2AA7420D7D99DF0337DA55246E77934"	"C305745753D0D9651C0E91E32963A8BED2AA7420D7D99DF0337DA55246E77934"	"IDENTICAL_MOVE"
"13 Production/Product_Standards/ONYX_CORRECTION_POLICY_v1.md"	"03_Standards/Product/ONYX_CORRECTION_POLICY_v1.md"	"BEA5129E7FDD2931D751D23B1308AD2EBAE6CDFC257E03854E16C59DD85CFDCC"	"BEA5129E7FDD2931D751D23B1308AD2EBAE6CDFC257E03854E16C59DD85CFDCC"	"IDENTICAL_MOVE"
"13 Production/Product_Standards/ONYX_HUMAN_QA_STANDARD_v1.md"	"03_Standards/Product/ONYX_HUMAN_QA_STANDARD_v1.md"	"CAC7AC114A4FCE5252FC632FA9AD6B408CAF9DB7537F7DEDCECC9E09575BD3F2"	"CAC7AC114A4FCE5252FC632FA9AD6B408CAF9DB7537F7DEDCECC9E09575BD3F2"	"IDENTICAL_MOVE"
"13 Production/Product_Standards/ONYX_LAUNCH_KPI_v1.md"	"03_Standards/Product/ONYX_LAUNCH_KPI_v1.md"	"C4B93F4C485567AAD35EE0B343D1DAC68863052CE552E0136A34CFA83FE8C190"	"C4B93F4C485567AAD35EE0B343D1DAC68863052CE552E0136A34CFA83FE8C190"	"IDENTICAL_MOVE"
"13 Production/Product_Standards/ONYX_LAUNCH_READINESS_CHECKLIST_v1.md"	"03_Standards/Product/ONYX_LAUNCH_READINESS_CHECKLIST_v1.md"	"E601209D7338C66C2A56FEE5B25C668A483389E53F039B29E0E30885F2329005"	"E601209D7338C66C2A56FEE5B25C668A483389E53F039B29E0E30885F2329005"	"IDENTICAL_MOVE"
"13 Production/Product_Standards/ONYX_PRICE_BOOK_v1.md"	"03_Standards/Product/ONYX_PRICE_BOOK_v1.md"	"6F00F2292D417ADE6E9061AB0B199C6751FE6DEB7D8E9222CE83E23245787173"	"6F00F2292D417ADE6E9061AB0B199C6751FE6DEB7D8E9222CE83E23245787173"	"IDENTICAL_MOVE"
"13 Production/Product_Standards/ONYX_PRODUCT_SYSTEM.md"	"03_Standards/Product/ONYX_PRODUCT_SYSTEM.md"	"E4F2DDB63E80EBEE13FD1E99738ACB1E8DED6B68E9DEBA4E3974B12781C18782"	"E4F2DDB63E80EBEE13FD1E99738ACB1E8DED6B68E9DEBA4E3974B12781C18782"	"IDENTICAL_MOVE"
"13 Production/Product_Standards/ONYX_SERVICE_STANDARD_v1.md"	"03_Standards/Product/ONYX_SERVICE_STANDARD_v1.md"	"81981B029CFE6E92D318B1F387661C4AD902B4B973C564F11D6E6A2BB0B2E297"	"81981B029CFE6E92D318B1F387661C4AD902B4B973C564F11D6E6A2BB0B2E297"	"IDENTICAL_MOVE"
"13 Production/Product_Standards/launch_kpi_v1.yaml"	"03_Standards/Product/launch_kpi_v1.yaml"	"CD6C0C9C8BC57EDAAE245FB8DB49AFBC1CBBAA6B87231B303A6AC5F5A587012D"	"CD6C0C9C8BC57EDAAE245FB8DB49AFBC1CBBAA6B87231B303A6AC5F5A587012D"	"IDENTICAL_MOVE"
"13 Production/Product_Standards/products_v1.yaml"	"03_Standards/Product/products_v1.yaml"	"7E31DBBB69A348B23C8357913D63F6FAF6A48AD84DD34029DC96447650239EB8"	"7E31DBBB69A348B23C8357913D63F6FAF6A48AD84DD34029DC96447650239EB8"	"IDENTICAL_MOVE"
"13 Production/Client_Experience/Intake/schemas/example_portrait.yaml"	"04_Templates/Client_Intake/example_portrait.yaml"	"4D1B1BF86AE31A867C3B3A12865C791E1C672881839427FB1CF87FC7F349A8AB"	"4D1B1BF86AE31A867C3B3A12865C791E1C672881839427FB1CF87FC7F349A8AB"	"IDENTICAL_MOVE"
"13 Production/Client_Experience/Intake/schemas/example_premium.yaml"	"04_Templates/Client_Intake/example_premium.yaml"	"973E45CC7433CF0C798BA6B7AA8E7EB22C3BED5263B85C917BEF7D51235AB57D"	"973E45CC7433CF0C798BA6B7AA8E7EB22C3BED5263B85C917BEF7D51235AB57D"	"IDENTICAL_MOVE"
"13 Production/Client_Experience/Intake/schemas/example_preview.yaml"	"04_Templates/Client_Intake/example_preview.yaml"	"7983ACE8FB7B389182AFAB304F989796DFB2F2D9969FBB753855CD2F6A6CE748"	"7983ACE8FB7B389182AFAB304F989796DFB2F2D9969FBB753855CD2F6A6CE748"	"IDENTICAL_MOVE"
"13 Production/Client_Experience/Intake/schemas/example_signature.yaml"	"04_Templates/Client_Intake/example_signature.yaml"	"1F92B0DA055CFBE7E86F0049F74658ADF57E47C153E33B7D1912900DF59CF64B"	"1F92B0DA055CFBE7E86F0049F74658ADF57E47C153E33B7D1912900DF59CF64B"	"IDENTICAL_MOVE"
"13 Production/Client_Experience/Intake/schemas/intake_v1.schema.yaml"	"04_Templates/Client_Intake/intake_v1.schema.yaml"	"C95D1644C8709787B24691CC09A1DC328860306B986207965C82E204F8071099"	"C95D1644C8709787B24691CC09A1DC328860306B986207965C82E204F8071099"	"IDENTICAL_MOVE"
"13 Production/Templates/Collection_Book/COLLECTION_BOOK_PRODUCTION_GUIDE.md"	"04_Templates/Collection_Book/COLLECTION_BOOK_PRODUCTION_GUIDE.md"	"750C2C5A8AA03445E6F4847269D7BA227E1503FC80488803511D2882EDC38584"	"C211F43299E15E3EFC3CC620B6790FC59371AADE8E56CC8490AA09C9EAF69C4F"	"INTENTIONAL_TRANSFORM"
"13 Production/Templates/Collection_Book/ONYX_COLLECTION_BOOK_TEMPLATE.md"	"04_Templates/Collection_Book/ONYX_COLLECTION_BOOK_TEMPLATE.md"	"AAF7A373CC1813A9AE87E40FA08B0F45FC4813F5E1E3963A11B85F387CB0C3AE"	"AAF7A373CC1813A9AE87E40FA08B0F45FC4813F5E1E3963A11B85F387CB0C3AE"	"IDENTICAL_MOVE"
"13 Production/Templates/Collection_Book/README.md"	"04_Templates/Collection_Book/README.md"	"A44659C5FB05378AAEA50945D4C96E519799921B5A7389AC5E30CB0910C070B0"	"CBF19EBC4671EF0B697E40C589CA57AF7CA73930A1D7B68DABAD99BD0DF5A7D7"	"INTENTIONAL_TRANSFORM"
"13 Production/Templates/Collection_Book/render_collection_book.py"	"04_Templates/Collection_Book/render_collection_book.py"	"AA7A9BF31E4D6D919C0B627BE74E3C32F654966D1A23239482F64D6CA1D2BA3F"	"AA7A9BF31E4D6D919C0B627BE74E3C32F654966D1A23239482F64D6CA1D2BA3F"	"IDENTICAL_MOVE"
"13 Production/Templates/Collection_Book/test_renderer.py"	"04_Templates/Collection_Book/test_renderer.py"	"7893378747A21819C4B6AF44C34B499A53E4AF012E96753459CC8AE05FD48B68"	"7893378747A21819C4B6AF44C34B499A53E4AF012E96753459CC8AE05FD48B68"	"IDENTICAL_MOVE"
"templates/Concept.md"	"04_Templates/Metadata/Concept.md"	"A1CE17DCAA0386FBB6C6ABC3A3B6CC65104B1F421A2CAC3C536EAE4530CE8422"	"A1CE17DCAA0386FBB6C6ABC3A3B6CC65104B1F421A2CAC3C536EAE4530CE8422"	"IDENTICAL_MOVE"
"templates/Decision.md"	"04_Templates/Metadata/Decision.md"	"3E13B2D8D57E5E3E985C3B8DE16EE7945215F6D76EA56E97C8491ECE268AF3C8"	"3E13B2D8D57E5E3E985C3B8DE16EE7945215F6D76EA56E97C8491ECE268AF3C8"	"IDENTICAL_MOVE"
"templates/Experiment.md"	"04_Templates/Metadata/Experiment.md"	"34AE2A30A6884645513F713657E209903FBF5A9DCDCFC4D000AA207DFF701D85"	"34AE2A30A6884645513F713657E209903FBF5A9DCDCFC4D000AA207DFF701D85"	"IDENTICAL_MOVE"
"templates/Module.md"	"04_Templates/Metadata/Module.md"	"645F793B1993A0E4DE4DB93AA1CA10B42ECF2AAE6BFB86EAD31F1A6F6AAEB967"	"645F793B1993A0E4DE4DB93AA1CA10B42ECF2AAE6BFB86EAD31F1A6F6AAEB967"	"IDENTICAL_MOVE"
"templates/Research.md"	"04_Templates/Metadata/Research.md"	"95AA6CA887B2A5330DA16C91296C4EB018533524AACC561BBE68F7E87EEF2750"	"95AA6CA887B2A5330DA16C91296C4EB018533524AACC561BBE68F7E87EEF2750"	"IDENTICAL_MOVE"
