id,source_filename,source_path,canonical_path,method,sha256,mapping_basis
BUS_01,P02_BUS_01_headshot_front.png,P02_BUS_01_headshot_front.png,00_source/P02_BUS_01_headshot_front_v2.png,byte-for-byte copy,cfa6328f56eb890c1faab43cac65f1b18873b1666a3a5e733a26c3209711c788,matching original scene ID and visual inspection; reserve excluded
BUS_02,P02_BUS_02_window_3q.png,P02_BUS_02_window_3q.png,00_source/P02_BUS_02_window_3q_v2.png,byte-for-byte copy,c6a4268bb90d2da603a37014e77d30af23723e2bb0edad84fa3fb9c034f58aaf,matching original scene ID and visual inspection; reserve excluded
BUS_03,P02_BUS_03_executive_desk.png,P02_BUS_03_executive_desk.png,00_source/P02_BUS_03_executive_desk_v2.png,byte-for-byte copy,5e68469f0789097b6007f8bfdba03bfdb910e1ddd4a0e6487b13d93c6bf0cf99,matching original scene ID and visual inspection; reserve excluded
BUS_04,P02_BUS_04_office_walk.png,P02_BUS_04_office_walk.png,00_source/P02_BUS_04_office_walk_v2.png,byte-for-byte copy,8dede4976b623d0393cbb19ba74c8e7048008be0652160431213da297b5a9e71,matching original scene ID and visual inspection; reserve excluded
BUS_05,P02_BUS_05_boardroom.png,P02_BUS_05_boardroom.png,00_source/P02_BUS_05_boardroom_v2.png,byte-for-byte copy,8195b49a07d65e2bbe8d65236da62b4b5bea05e8243d08f90e282eb925d45a4a,matching original scene ID and visual inspection; reserve excluded
BUS_06,P02_BUS_06_lobby_fullbody.png,P02_BUS_06_lobby_fullbody.png,00_source/P02_BUS_06_lobby_fullbody_v2.png,byte-for-byte copy,f9109dd9f9ba2c29d3a35fe1a7b46f58f74d9f58807a46a808183213607d4cd6,matching original scene ID and visual inspection; reserve excluded
BUS_07,P02_BUS_07_private_office.png,P02_BUS_07_private_office.png,00_source/P02_BUS_07_private_office_v2.png,byte-for-byte copy,51f12dad939278d3f3b214312c9588c8ee95111810534d53ab1f25d252f19339,matching original scene ID and visual inspection; reserve excluded
BUS_08,P02_BUS_08_laptop_workspace.png,P02_BUS_08_laptop_workspace.png,00_source/P02_BUS_08_laptop_workspace_v2.png,byte-for-byte copy,87a5f20554bcc4dac8e577b62b15dd511d78bf5a37f87e8f0da5ff5a82e3f51a,matching original scene ID and visual inspection; reserve excluded
BUS_09,P02_BUS_09_window_crossed_arms.png,P02_BUS_09_window_crossed_arms.png,00_source/P02_BUS_09_window_crossed_arms_v2.png,byte-for-byte copy,e83ac1012236713fe5b83529372a9b24ed2abf6bdd08e45b2d4c45ee869ac40b,matching original scene ID and visual inspection; reserve excluded
BUS_10,P02_BUS_10_editorial_fullbody.png,P02_BUS_10_editorial_fullbody.png,00_source/P02_BUS_10_editorial_fullbody_v2.png,byte-for-byte copy,3cd3547b3dc8f6bcac4dd6776f1505ffffb9413e1da09e35c08493cfc8c4f312,matching original scene ID and visual inspection; reserve excluded
